title,category,categories,address,phone,web_site,emails,review_rating,review_count,reviews_per_rating,open_hours,latitude,longtitude,place_id,cid,link,description
Jake Stewart - State Farm Insurance Agent,Insurance agency,"[""Insurance agency"", ""Auto insurance agency"", ""Home insurance agency"", ""Insurance agent"", ""Life insurance agency"", ""Motorcycle insurance agency"", ""Renter's insurance agency""]","490 Post St Suite 1606, San Francisco, CA 94102, United States",+1 415-982-9033,https://www.jakestewart.com/,,4.9,614,"{""1"": 4, ""2"": 1, ""3"": 1, ""4"": 12, ""5"": 596}","{""Friday"": [""9 AM–5 PM""], ""Monday"": [""9 AM–5 PM""], ""Saturday"": [""Closed""], ""Sunday"": [""Closed""], ""Thursday"": [""9 AM–5 PM""], ""Tuesday"": [""9 AM–5 PM""], ""Wednesday"": [""9 AM–5 PM""]}",37.7882579,-122.40981339999999,ChIJgxIYp4CAhYARnats7DIbb2w,7813493784039959453,https://www.google.com/maps/place/Jake+Stewart+-+State+Farm+Insurance+Agent/data=!4m7!3m6!1s0x80858080a7181283:0x6c6f1b32ec6cab9d!8m2!3d37.7882579!4d-122.4098134!16s%2Fg%2F1tfvhflm!19sChIJgxIYp4CAhYARnats7DIbb2w?authuser=0&hl=en&rclk=1,
The Greenspan Co. / Adjusters International - Public Adjuster,Loss adjuster,"[""Loss adjuster"", ""Consultant"", ""Small claims assistance service""]","400 Oyster Point Blvd # 519, South San Francisco, CA 94080, United States",+1 650-583-4300,https://www.greenspanai.com/contact/office-locations/san-francisco-california/,"[""info@greenspan-ai.com""]",4.3,12,"{""1"": 1, ""2"": 1, ""3"": 1, ""4"": 0, ""5"": 9}","{""Friday"": [""Open 24 hours""], ""Monday"": [""Open 24 hours""], ""Saturday"": [""Open 24 hours""], ""Sunday"": [""Open 24 hours""], ""Thursday"": [""Open 24 hours""], ""Tuesday"": [""Open 24 hours""], ""Wednesday"": [""Open 24 hours""]}",37.6655539,-122.3824533,ChIJsQAwjV54j4ARWmnF8HqrMZc,10894677518099769690,https://www.google.com/maps/place/The+Greenspan+Co.+%2F+Adjusters+International+-+Public+Adjuster/data=!4m7!3m6!1s0x808f785e8d3000b1:0x9731ab7af0c5695a!8m2!3d37.665554!4d-122.382453!16s%2Fg%2F1tfb6t0g!19sChIJsQAwjV54j4ARWmnF8HqrMZc?authuser=0&hl=en&rclk=1,
Jessica Liu Insurance Services,Insurance agency,"[""Insurance agency"", ""Auto insurance agency"", ""Home insurance agency"", ""Life insurance agency""]","3428 Balboa St, San Francisco, CA 94121, United States",+1 415-386-2283,https://jlis.com/?utm_source=gbp&utm_medium=organic,,5,169,"{""1"": 1, ""2"": 0, ""3"": 0, ""4"": 2, ""5"": 166}","{""Friday"": [""9 AM–5:30 PM""], ""Monday"": [""9 AM–5:30 PM""], ""Saturday"": [""Closed""], ""Sunday"": [""Closed""], ""Thursday"": [""9 AM–5:30 PM""], ""Tuesday"": [""9 AM–5:30 PM""], ""Wednesday"": [""9 AM–5:30 PM""]}",37.7760764,-122.4957649,ChIJHaoPR6aHhYARGRBVuZLfKyg,2894653006783254553,https://www.google.com/maps/place/Jessica+Liu+Insurance+Services/data=!4m7!3m6!1s0x808587a6470faa1d:0x282bdf92b9551019!8m2!3d37.7760764!4d-122.4957649!16s%2Fg%2F1tf_199r!19sChIJHaoPR6aHhYARGRBVuZLfKyg?authuser=0&hl=en&rclk=1,
ESI Insurance Brokers,Insurance agency,"[""Insurance agency"", ""Auto insurance agency"", ""Home insurance agency"", ""Income protection insurance agency"", ""Insurance broker"", ""Life insurance agency"", ""Motorcycle insurance agency"", ""Renter's insurance agency""]","2085 Van Ness Ave, San Francisco, CA 94109, United States",+1 415-440-5136,http://www.insurance415.com/,,4.9,35,"{""1"": 1, ""2"": 0, ""3"": 0, ""4"": 0, ""5"": 34}","{""Friday"": [""9 AM–5 PM""], ""Monday"": [""9 AM–5 PM""], ""Saturday"": [""Closed""], ""Sunday"": [""Closed""], ""Thursday"": [""9 AM–5 PM""], ""Tuesday"": [""9 AM–5 PM""], ""Wednesday"": [""9 AM–5 PM""]}",37.7944615,-122.42379079999999,ChIJgURZHeqAhYARb2NpnyiBGs8,14923382326718718831,https://www.google.com/maps/place/ESI+Insurance+Brokers/data=!4m7!3m6!1s0x808580ea1d594481:0xcf1a81289f69636f!8m2!3d37.7944615!4d-122.4237908!16s%2Fg%2F1tddb20l!19sChIJgURZHeqAhYARb2NpnyiBGs8?authuser=0&hl=en&rclk=1,
Broad Spectrum Insurance Services,Insurance broker,"[""Insurance broker"", ""Commercial agent"", ""Insurance agency""]","1000 Brannan St #205, San Francisco, CA 94103, United States",+1 888-898-6999,https://www.broadspectruminsurance.com/,"[""info@calinsurancepro.com""]",5,75,"{""1"": 0, ""2"": 0, ""3"": 0, ""4"": 0, ""5"": 75}","{""Friday"": [""8 AM–5:30 PM""], ""Monday"": [""8 AM–5:30 PM""], ""Saturday"": [""Closed""], ""Sunday"": [""Closed""], ""Thursday"": [""8 AM–5:30 PM""], ""Tuesday"": [""8 AM–5:30 PM""], ""Wednesday"": [""8 AM–5:30 PM""]}",37.7700244,-122.4074737,ChIJk4CAoy5-j4ARL_CGC2N0Jgg,587284770162405423,https://www.google.com/maps/place/Broad+Spectrum+Insurance+Services/data=!4m7!3m6!1s0x808f7e2ea3808093:0x82674630b86f02f!8m2!3d37.7700244!4d-122.4074737!16s%2Fg%2F1trc55n_!19sChIJk4CAoy5-j4ARL_CGC2N0Jgg?authuser=0&hl=en&rclk=1,
Riskguard Insurance Solutions,Insurance agency,"[""Insurance agency"", ""Auto insurance agency"", ""Commercial agent"", ""Health insurance agency"", ""Home insurance agency"", ""Motorcycle insurance agency"", ""Renter's insurance agency""]","422 Presidio Ave, San Francisco, CA 94115, United States",+1 415-447-4212,http://www.riskguardins.com/,"[""user@domain.com"", ""office@riskguardins.com""]",4.7,28,"{""1"": 2, ""2"": 0, ""3"": 0, ""4"": 0, ""5"": 26}","{""Friday"": [""9 AM–4:30 PM""], ""Monday"": [""9 AM–5 PM""], ""Saturday"": [""Closed""], ""Sunday"": [""Closed""], ""Thursday"": [""9 AM–5 PM""], ""Tuesday"": [""9 AM–5 PM""], ""Wednesday"": [""9 AM–5 PM""]}",37.787895999999996,-122.44679099999999,ChIJN5PQzsqAhYARcRH8bOOMpCo,3072735754187444593,https://www.google.com/maps/place/Riskguard+Insurance+Solutions/data=!4m7!3m6!1s0x808580caced09337:0x2aa48ce36cfc1171!8m2!3d37.787896!4d-122.446791!16s%2Fg%2F113djlfsh!19sChIJN5PQzsqAhYARcRH8bOOMpCo?authuser=0&hl=en&rclk=1,
"Donald Browne Insurance Services, formerly, John A Morton Insurance Agency",Auto insurance agency,"[""Auto insurance agency""]","3366 22nd St, San Francisco, CA 94110, United States",+1 408-292-4329,https://www.browneinsurance.com/,"[""chosen-sprite@2x.png""]",4.8,79,"{""1"": 3, ""2"": 0, ""3"": 0, ""4"": 2, ""5"": 74}","{""Friday"": [""9 AM–5 PM""], ""Monday"": [""9 AM–5 PM""], ""Saturday"": [""Closed""], ""Sunday"": [""Closed""], ""Thursday"": [""9 AM–5 PM""], ""Tuesday"": [""9 AM–5 PM""], ""Wednesday"": [""9 AM–5 PM""]}",37.755373999999996,-122.4224438,ChIJ8xsMRz5-j4AR6gf3DFknKaA,11540798783536695274,"https://www.google.com/maps/place/Donald+Browne+Insurance+Services,+formerly,+John+A+Morton+Insurance+Agency/data=!4m7!3m6!1s0x808f7e3e470c1bf3:0xa02927590cf707ea!8m2!3d37.755374!4d-122.4224438!16s%2Fg%2F1tgpn7xz!19sChIJ8xsMRz5-j4AR6gf3DFknKaA?authuser=0&hl=en&rclk=1",
Robert E. Kennedy Insurance Agency,Insurance agency,"[""Insurance agency"", ""Auto insurance agency""]","2269 Chestnut St #301, San Francisco, CA 94123, United States",+1 415-951-0738,http://www.kennedyinsuranceagency.com/,,4.9,38,"{""1"": 1, ""2"": 0, ""3"": 0, ""4"": 0, ""5"": 37}","{""Friday"": [""9 AM–5 PM""], ""Monday"": [""9 AM–5 PM""], ""Saturday"": [""Closed""], ""Sunday"": [""Closed""], ""Thursday"": [""9 AM–5 PM""], ""Tuesday"": [""9 AM–5 PM""], ""Wednesday"": [""9 AM–5 PM""]}",37.7998768,-122.44069689999999,ChIJf9NEmoiAhYARrqrDaSsZflE,5872158638386424494,https://www.google.com/maps/place/Robert+E.+Kennedy+Insurance+Agency/data=!4m7!3m6!1s0x808580889a44d37f:0x517e192b69c3aaae!8m2!3d37.7998768!4d-122.4406969!16s%2Fg%2F1tjpqqt8!19sChIJf9NEmoiAhYARrqrDaSsZflE?authuser=0&hl=en&rclk=1,
Wang Insurance,Insurance agency,"[""Insurance agency""]","2620 Judah St, San Francisco, CA 94122, United States",+1 415-731-7062,http://www.wangins.com/,"[""info@wangins.com"", ""user@domain.com"", ""jane@company.com""]",5,23,"{""1"": 0, ""2"": 0, ""3"": 0, ""4"": 0, ""5"": 23}","{""Friday"": [""9 AM–5 PM""], ""Monday"": [""9 AM–5 PM""], ""Saturday"": [""Closed""], ""Sunday"": [""Closed""], ""Thursday"": [""9 AM–5 PM""], ""Tuesday"": [""9 AM–5 PM""], ""Wednesday"": [""9 AM–5 PM""]}",37.761273599999996,-122.4902486,ChIJKz2hvneHhYARFNtR3ogxz7U,13100744304959281940,https://www.google.com/maps/place/Wang+Insurance/data=!4m7!3m6!1s0x80858777bea13d2b:0xb5cf3188de51db14!8m2!3d37.7612736!4d-122.4902486!16s%2Fg%2F1tdvdtdj!19sChIJKz2hvneHhYARFNtR3ogxz7U?authuser=0&hl=en&rclk=1,
Traci Hollander - State Farm Insurance Agent,Insurance agency,"[""Insurance agency"", ""Auto insurance agency"", ""Life insurance agency""]","556 Castro St, San Francisco, CA 94114, United States",+1 415-575-3775,https://www.tracihollander.com/?cmpid=JW8N_blm_0001,,4.9,547,"{""1"": 9, ""2"": 0, ""3"": 0, ""4"": 2, ""5"": 536}","{""Friday"": [""9 AM–5 PM""], ""Monday"": [""9 AM–5 PM""], ""Saturday"": [""Closed""], ""Sunday"": [""Closed""], ""Thursday"": [""9 AM–5 PM""], ""Tuesday"": [""9 AM–5 PM""], ""Wednesday"": [""9 AM–5 PM""]}",37.759972,-122.435127,ChIJmSzF1Rp-j4ARaEXj6I7tXXY,8529234467357934952,https://www.google.com/maps/place/Traci+Hollander+-+State+Farm+Insurance+Agent/data=!4m7!3m6!1s0x808f7e1ad5c52c99:0x765ded8ee8e34568!8m2!3d37.759972!4d-122.435127!16s%2Fg%2F1tvdk0fp!19sChIJmSzF1Rp-j4ARaEXj6I7tXXY?authuser=0&hl=en&rclk=1,
April Insurance Agency,Insurance agency,"[""Insurance agency"", ""Auto insurance agency"", ""Home insurance agency"", ""Insurance broker"", ""Life insurance agency"", ""Motorcycle insurance agency""]","204 Valencia St Unit 6, San Francisco, CA 94103, United States",+1 415-242-8100,http://aprilinsurance.com/,"[""support@aprilinsurance.com"", ""john@thinkapril.com""]",5,12,"{""1"": 0, ""2"": 0, ""3"": 0, ""4"": 0, ""5"": 12}","{""Friday"": [""8 AM–8 PM""], ""Monday"": [""8 AM–8 PM""], ""Saturday"": [""8 AM–8 PM""], ""Sunday"": [""8 AM–8 PM""], ""Thursday"": [""8 AM–8 PM""], ""Tuesday"": [""8 AM–8 PM""], ""Wednesday"": [""8 AM–8 PM""]}",37.7696334,-122.4225597,ChIJ-e0d4Yl9j4ARUUfGcHjEudc,15544671610413139793,https://www.google.com/maps/place/April+Insurance+Agency/data=!4m7!3m6!1s0x808f7d89e11dedf9:0xd7b9c47870c64751!8m2!3d37.7696334!4d-122.4225597!16s%2Fg%2F1tdy03lb!19sChIJ-e0d4Yl9j4ARUUfGcHjEudc?authuser=0&hl=en&rclk=1,
Insureaze Insurance Solutions,Insurance broker,"[""Insurance broker""]","2021 Fillmore St #9186, San Francisco, CA 94115, United States",+1 800-897-8221,https://insureaze.com/,"[""info@insureaze.com""]",5,69,"{""1"": 0, ""2"": 0, ""3"": 0, ""4"": 0, ""5"": 69}","{""Friday"": [""Open 24 hours""], ""Monday"": [""Open 24 hours""], ""Saturday"": [""Open 24 hours""], ""Sunday"": [""Open 24 hours""], ""Thursday"": [""Open 24 hours""], ""Tuesday"": [""Open 24 hours""], ""Wednesday"": [""Open 24 hours""]}",37.7882253,-122.4339522,ChIJ__-bnYmAhYARDqmVbCi-sB4,2211476497868630286,https://www.google.com/maps/place/Insureaze+Insurance+Solutions/data=!4m7!3m6!1s0x808580899d9bffff:0x1eb0be286c95a90e!8m2!3d37.7882253!4d-122.4339522!16s%2Fg%2F11h5q8j0rq!19sChIJ__-bnYmAhYARDqmVbCi-sB4?authuser=0&hl=en&rclk=1,
Three Foundation Insurance Services,Insurance agency,"[""Insurance agency"", ""Auto insurance agency"", ""Health insurance agency"", ""Home insurance agency"", ""Life insurance agency"", ""Motorcycle insurance agency""]","4016 Geary Blvd Ste D, San Francisco, CA 94118, United States",+1 415-750-0781,https://www.progressiveagent.com/local-agent/california/san-francisco/three-foundation-insurance-services/,,5,28,"{""1"": 0, ""2"": 0, ""3"": 0, ""4"": 1, ""5"": 27}","{""Friday"": [""9 AM–6 PM""], ""Monday"": [""9 AM–6 PM""], ""Saturday"": [""Closed""], ""Sunday"": [""Closed""], ""Thursday"": [""9 AM–6 PM""], ""Tuesday"": [""9 AM–6 PM""], ""Wednesday"": [""9 AM–6 PM""]}",37.781400999999995,-122.462542,ChIJPZTgPjmHhYARNgvtUxXbvnQ,8412402038623505206,https://www.google.com/maps/place/Three+Foundation+Insurance+Services/data=!4m7!3m6!1s0x808587393ee0943d:0x74bedb1553ed0b36!8m2!3d37.781401!4d-122.462542!16s%2Fg%2F1tfk4np7!19sChIJPZTgPjmHhYARNgvtUxXbvnQ?authuser=0&hl=en&rclk=1,
Regency Insurance Services,Insurance agency,"[""Insurance agency""]","1303 9th Ave, San Francisco, CA 94122, United States",+1 650-449-0032,https://www.getregencyinsurance.com/,"[""fred@regency-ins.net""]",5,4,"{""1"": 0, ""2"": 0, ""3"": 0, ""4"": 0, ""5"": 4}","{""Friday"": [""9 AM–5 PM""], ""Monday"": [""9 AM–5 PM""], ""Saturday"": [""Closed""], ""Sunday"": [""Closed""], ""Thursday"": [""9 AM–5 PM""], ""Tuesday"": [""9 AM–5 PM""], ""Wednesday"": [""9 AM–5 PM""]}",37.7638909,-122.4665715,ChIJrXpmig18j4ARj1VW7D3ge8M,14086098816094066063,https://www.google.com/maps/place/Regency+Insurance+Services/data=!4m7!3m6!1s0x808f7c0d8a667aad:0xc37be03dec56558f!8m2!3d37.7638909!4d-122.4665715!16s%2Fg%2F1tkq_hfr!19sChIJrXpmig18j4ARj1VW7D3ge8M?authuser=0&hl=en&rclk=1,
Zurich Simon - State Farm Insurance Agent,Insurance agency,"[""Insurance agency"", ""Auto insurance agency"", ""Life insurance agency""]","1745 O'Farrell St, San Francisco, CA 94115, United States",+1 415-240-4725,https://www.fillmoreinsurancegroup.com/?cmpid=VABYQP_blm_0001,,5,373,"{""1"": 2, ""2"": 2, ""3"": 0, ""4"": 4, ""5"": 365}","{""Friday"": [""9 AM–5 PM""], ""Monday"": [""9 AM–5 PM""], ""Saturday"": [""Closed""], ""Sunday"": [""Closed""], ""Thursday"": [""9 AM–5 PM""], ""Tuesday"": [""9 AM–5 PM""], ""Wednesday"": [""9 AM–5 PM""]}",37.783042,-122.433292,ChIJu3xg7qCBhYARIicTAr9lvyo,3080292541192677154,https://www.google.com/maps/place/Zurich+Simon+-+State+Farm+Insurance+Agent/data=!4m7!3m6!1s0x808581a0ee607cbb:0x2abf65bf02132722!8m2!3d37.783042!4d-122.433292!16s%2Fg%2F11pxwf6ssm!19sChIJu3xg7qCBhYARIicTAr9lvyo?authuser=0&hl=en&rclk=1,
Allpointe Insurance Services,Health insurance agency,"[""Health insurance agency""]","1459 18th St Suite 171, San Francisco, CA 94107, United States",+1 415-799-8687,https://www.allpointe.com/,,5,19,"{""1"": 0, ""2"": 0, ""3"": 0, ""4"": 0, ""5"": 19}","{""Friday"": [""8 AM–5 PM""], ""Monday"": [""8 AM–5 PM""], ""Saturday"": [""Closed""], ""Sunday"": [""Closed""], ""Thursday"": [""8 AM–5 PM""], ""Tuesday"": [""8 AM–5 PM""], ""Wednesday"": [""8 AM–5 PM""]}",37.7624108,-122.397195,ChIJjZmj5rZ_j4AR2maOVow38E0,5616049811218130650,https://www.google.com/maps/place/Allpointe+Insurance+Services/data=!4m7!3m6!1s0x808f7fb6e6a3998d:0x4df0378c568e66da!8m2!3d37.7624108!4d-122.397195!16s%2Fg%2F11cn68sq5n!19sChIJjZmj5rZ_j4AR2maOVow38E0?authuser=0&hl=en&rclk=1,
SIStation Auto Insurance Company California,Auto insurance agency,"[""Auto insurance agency""]","777 Florida St #311, San Francisco, CA 94110, United States",+1 628-999-9109,,,5,19,"{""1"": 0, ""2"": 0, ""3"": 0, ""4"": 0, ""5"": 19}","{""Friday"": [""9 AM–5 PM""], ""Monday"": [""9 AM–5 PM""], ""Saturday"": [""9 AM–5 PM""], ""Sunday"": [""9 AM–5 PM""], ""Thursday"": [""9 AM–5 PM""], ""Tuesday"": [""9 AM–5 PM""], ""Wednesday"": [""9 AM–5 PM""]}",37.7594188,-122.4105348,ChIJR29b48R_j4ARhLCfiNn6ops,11214801834312970372,https://www.google.com/maps/place/SIStation+Auto+Insurance+Company+California/data=!4m7!3m6!1s0x808f7fc4e35b6f47:0x9ba2fad9889fb084!8m2!3d37.7594188!4d-122.4105348!16s%2Fg%2F11s39q2h_h!19sChIJR29b48R_j4ARhLCfiNn6ops?authuser=0&hl=en&rclk=1,
Parceros Insurance,Insurance agency,"[""Insurance agency"", ""Auto insurance agency"", ""Home insurance agency"", ""Insurance company"", ""Life insurance agency"", ""Motorcycle insurance agency"", ""Renter's insurance agency""]","3186 21st St, San Francisco, CA 94110, United States",+1 510-755-2426,https://parcerosinsurance.com/,,4.9,90,"{""1"": 1, ""2"": 1, ""3"": 0, ""4"": 2, ""5"": 86}","{""Friday"": [""10 AM–6 PM""], ""Monday"": [""10 AM–6 PM""], ""Saturday"": [""10 AM–1 PM""], ""Sunday"": [""Closed""], ""Thursday"": [""10 AM–6 PM""], ""Tuesday"": [""10 AM–6 PM""], ""Wednesday"": [""10 AM–6 PM""]}",37.7571684,-122.41858599999999,ChIJ29m-a_F_j4ARWITdIxBWngk,693086019982820440,https://www.google.com/maps/place/Parceros+Insurance/data=!4m7!3m6!1s0x808f7ff16bbed9db:0x99e561023dd8458!8m2!3d37.7571684!4d-122.418586!16s%2Fg%2F11j5pwf6j7!19sChIJ29m-a_F_j4ARWITdIxBWngk?authuser=0&hl=en&rclk=1,
Insurance Agency J&E and Registration Services,Insurance broker,"[""Insurance broker""]","2390 Mission St Ste 101, San Francisco, CA 94110, United States",+1 415-250-0996,https://weqwe.readdy.co/,,4.3,6,"{""1"": 1, ""2"": 0, ""3"": 0, ""4"": 0, ""5"": 5}","{""Friday"": [""10 AM–6 PM""], ""Monday"": [""10 AM–6 PM""], ""Saturday"": [""Closed""], ""Sunday"": [""Closed""], ""Thursday"": [""10 AM–6 PM""], ""Tuesday"": [""10 AM–6 PM""], ""Wednesday"": [""10 AM–6 PM""]}",37.7588414,-122.41925739999999,ChIJB2d7kBF_j4ARXM4L88vnWNw,15877695349436698204,https://www.google.com/maps/place/Insurance+Agency+J%26E+and+Registration+Services/data=!4m7!3m6!1s0x808f7f11907b6707:0xdc58e7cbf30bce5c!8m2!3d37.7588414!4d-122.4192574!16s%2Fg%2F11yh24d5fg!19sChIJB2d7kBF_j4ARXM4L88vnWNw?authuser=0&hl=en&rclk=1,
Inclusive Insurance,Insurance agency,"[""Insurance agency""]","180 Montgomery St, San Francisco, CA 94104, United States",+1 844-462-5874,http://inclusiveinsurance.com/,,5,17,"{""1"": 0, ""2"": 0, ""3"": 0, ""4"": 0, ""5"": 17}","{""Friday"": [""9 AM–5 PM""], ""Monday"": [""9 AM–5 PM""], ""Saturday"": [""Closed""], ""Sunday"": [""Closed""], ""Thursday"": [""9 AM–5 PM""], ""Tuesday"": [""9 AM–5 PM""], ""Wednesday"": [""9 AM–5 PM""]}",37.7907733,-122.401906,ChIJjf5JOTiHhYARPvG73wZ-djM,3708289911174721854,https://www.google.com/maps/place/Inclusive+Insurance/data=!4m7!3m6!1s0x808587383949fe8d:0x33767e06dfbbf13e!8m2!3d37.7907733!4d-122.401906!16s%2Fg%2F1q66699zv!19sChIJjf5JOTiHhYARPvG73wZ-djM?authuser=0&hl=en&rclk=1,
"Jack Lee Fong Insurance Agency, Inc.",Insurance agency,"[""Insurance agency""]","577 Columbus Ave, San Francisco, CA 94133, United States",+1 415-956-3990,http://www.jlfia.com/,,5,1,"{""1"": 0, ""2"": 0, ""3"": 0, ""4"": 0, ""5"": 1}","{""Friday"": [""9 AM–5 PM""], ""Monday"": [""9 AM–5 PM""], ""Saturday"": [""Closed""], ""Sunday"": [""Closed""], ""Thursday"": [""9 AM–5 PM""], ""Tuesday"": [""9 AM–5 PM""], ""Wednesday"": [""9 AM–5 PM""]}",37.8001108,-122.41015709999999,ChIJ1a2tofGAhYARUxQwDIwork8,5741571156908971091,"https://www.google.com/maps/place/Jack+Lee+Fong+Insurance+Agency,+Inc./data=!4m7!3m6!1s0x808580f1a1adadd5:0x4fae288c0c301453!8m2!3d37.8001108!4d-122.4101571!16s%2Fg%2F1tdz51dm!19sChIJ1a2tofGAhYARUxQwDIwork8?authuser=0&hl=en&rclk=1",
Tiffany Won - State Farm Insurance Agent,Insurance agency,"[""Insurance agency"", ""Auto insurance agency"", ""Home insurance agency"", ""Life insurance agency"", ""Motorcycle insurance agency"", ""Renter's insurance agency""]","1250 Missouri St UNIT 305, San Francisco, CA 94107, United States",+1 415-872-5734,https://www.tiffanywon.com/?cmpid=MLLIST,,5,430,"{""1"": 2, ""2"": 0, ""3"": 0, ""4"": 1, ""5"": 427}","{""Friday"": [""8:30 AM–5 PM""], ""Monday"": [""8:30 AM–5 PM""], ""Saturday"": [""Closed""], ""Sunday"": [""Closed""], ""Thursday"": [""8:30 AM–5 PM""], ""Tuesday"": [""8:30 AM–5 PM""], ""Wednesday"": [""8:30 AM–5 PM""]}",37.750598,-122.395693,ChIJG-AwB65_j4AR-3DNgOIG-Y8,10374330786517971195,https://www.google.com/maps/place/Tiffany+Won+-+State+Farm+Insurance+Agent/data=!4m7!3m6!1s0x808f7fae0730e01b:0x8ff906e280cd70fb!8m2!3d37.750598!4d-122.395693!16s%2Fg%2F11bc7cmrnh!19sChIJG-AwB65_j4AR-3DNgOIG-Y8?authuser=0&hl=en&rclk=1,
Embassy Auto Insurance,Auto insurance agency,"[""Auto insurance agency""]","1054 Sutter St #152, San Francisco, CA 94109, United States",+1 484-372-4042,,,3.4,5,"{""1"": 2, ""2"": 0, ""3"": 0, ""4"": 0, ""5"": 3}","{""Friday"": [""8 AM–8 PM""], ""Monday"": [""8 AM–8 PM""], ""Saturday"": [""8 AM–8 PM""], ""Sunday"": [""8 AM–8 PM""], ""Thursday"": [""8 AM–8 PM""], ""Tuesday"": [""8 AM–8 PM""], ""Wednesday"": [""8 AM–8 PM""]}",37.7883494,-122.41785739999999,ChIJ8x6Olq-BhYAR8SGfPf7JLgU,373457912911045105,https://www.google.com/maps/place/Embassy+Auto+Insurance/data=!4m7!3m6!1s0x808581af968e1ef3:0x52ec9fe3d9f21f1!8m2!3d37.7883494!4d-122.4178574!16s%2Fg%2F11fkvpnw7p!19sChIJ8x6Olq-BhYAR8SGfPf7JLgU?authuser=0&hl=en&rclk=1,
Alan Chan - State Farm Insurance Agent,Insurance agency,"[""Insurance agency"", ""Auto insurance agency"", ""Life insurance agency""]","1820 Van Ness Ave, San Francisco, CA 94109, United States",+1 415-776-2190,https://www.alanchansf.com/?cmpid=JTMH_blm_0001,"[""team@keen.io"", ""dustin@keen.io"", ""eric@keen.io"", ""joe@keen.io"", ""alex@keen.io"", ""adam.kasprowicz@keen.io"", ""dariusz.lacheta@keen.io""]",4.9,128,"{""1"": 2, ""2"": 0, ""3"": 1, ""4"": 1, ""5"": 124}","{""Friday"": [""9 AM–5 PM""], ""Monday"": [""9 AM–5 PM""], ""Saturday"": [""Closed""], ""Sunday"": [""Closed""], ""Thursday"": [""9 AM–5 PM""], ""Tuesday"": [""9 AM–5 PM""], ""Wednesday"": [""9 AM–5 PM""]}",37.792570999999995,-122.42225099999999,ChIJ9brBsOqAhYAReFAoqfZipfg,17916835504102854776,https://www.google.com/maps/place/Alan+Chan+-+State+Farm+Insurance+Agent/data=!4m7!3m6!1s0x808580eab0c1baf5:0xf8a562f6a9285078!8m2!3d37.792571!4d-122.422251!16s%2Fg%2F1v6l7qjx!19sChIJ9brBsOqAhYAReFAoqfZipfg?authuser=0&hl=en&rclk=1,
Henry De Guzman Cruz: Allstate Insurance,Insurance agency,"[""Insurance agency"", ""Auto insurance agency"", ""Home insurance agency"", ""Insurance company"", ""Life insurance agency"", ""Motorcycle insurance agency"", ""Renter's insurance agency""]","369 Pine St Ste 618, San Francisco, CA 94104, United States",+1 415-561-0690,https://agents.allstate.com/henry-de-guzman-cruz-san-francisco-ca.html?utm_source=GMB&utm_medium=Website,,4.7,35,"{""1"": 2, ""2"": 0, ""3"": 2, ""4"": 0, ""5"": 31}","{""Friday"": [""9 AM–5 PM""], ""Monday"": [""9 AM–5 PM""], ""Saturday"": [""Closed""], ""Sunday"": [""Closed""], ""Thursday"": [""9 AM–5 PM""], ""Tuesday"": [""9 AM–5 PM""], ""Wednesday"": [""9 AM–5 PM""]}",37.79173,-122.40202169999999,ChIJRRqOj7mAhYARiqNnmB5-iSM,2560716533007885194,https://www.google.com/maps/place/Henry+De+Guzman+Cruz:+Allstate+Insurance/data=!4m7!3m6!1s0x808580b98f8e1a45:0x23897e1e9867a38a!8m2!3d37.79173!4d-122.4020217!16s%2Fg%2F1tc_wv0b!19sChIJRRqOj7mAhYARiqNnmB5-iSM?authuser=0&hl=en&rclk=1,
Farmers Insurance - Eric Gee,Insurance agent,"[""Insurance agent"", ""Auto insurance agency"", ""Home insurance agency"", ""Life insurance agency"", ""Renter's insurance agency""]","1160 Battery St Suite 100, San Francisco, CA 94111, United States",+1 415-635-0999,https://agents.farmers.com/ca/san-francisco/eric-gee?SourceID=AMPALFGMAG&utm_source=GMB&utm_medium=Local&y_source=1_MTU0OTg3My03MTUtbG9jYXRpb24ud2Vic2l0ZQ==,,5,19,"{""1"": 0, ""2"": 0, ""3"": 0, ""4"": 0, ""5"": 19}","{""Friday"": [""8:30 AM–5:30 PM""], ""Monday"": [""8:30 AM–5:30 PM""], ""Saturday"": [""Closed""], ""Sunday"": [""Closed""], ""Thursday"": [""8:30 AM–5:30 PM""], ""Tuesday"": [""8:30 AM–5:30 PM""], ""Wednesday"": [""8:30 AM–5:30 PM""]}",37.7939836,-122.40258379999999,ChIJSafpsDmHhYARVmYnaX_HQQo,739091163904435798,https://www.google.com/maps/place/Farmers+Insurance+-+Eric+Gee/data=!4m7!3m6!1s0x80858739b0e9a749:0xa41c77f69276656!8m2!3d37.7939836!4d-122.4025838!16s%2Fg%2F11bbrlztnn!19sChIJSafpsDmHhYARVmYnaX_HQQo?authuser=0&hl=en&rclk=1,
Joe Freund - State Farm Insurance Agent,Insurance agency,"[""Insurance agency"", ""Auto insurance agency"", ""Home insurance agency"", ""Life insurance agency"", ""Renter's insurance agency""]","1732 Divisadero St, San Francisco, CA 94115, United States",+1 415-359-9311,https://www.joefreund.com/?cmpid=QUJ1_blm_0001,"[""team@keen.io"", ""dustin@keen.io"", ""eric@keen.io"", ""joe@keen.io"", ""alex@keen.io"", ""adam.kasprowicz@keen.io"", ""dariusz.lacheta@keen.io""]",5,231,"{""1"": 1, ""2"": 0, ""3"": 0, ""4"": 1, ""5"": 229}","{""Friday"": [""9 AM–5 PM""], ""Monday"": [""9 AM–5 PM""], ""Saturday"": [""Closed""], ""Sunday"": [""Closed""], ""Thursday"": [""9 AM–5 PM""], ""Tuesday"": [""9 AM–5 PM""], ""Wednesday"": [""9 AM–5 PM""]}",37.7857834,-122.4396955,ChIJ_1vebsmAhYARAJhk3xp8fEY,5079070934625982464,https://www.google.com/maps/place/Joe+Freund+-+State+Farm+Insurance+Agent/data=!4m7!3m6!1s0x808580c96ede5bff:0x467c7c1adf649800!8m2!3d37.7857834!4d-122.4396955!16s%2Fg%2F1tsykdvj!19sChIJ_1vebsmAhYARAJhk3xp8fEY?authuser=0&hl=en&rclk=1,
David Chacon - State Farm Insurance Agent,Insurance agency,"[""Insurance agency"", ""Auto insurance agency"", ""Life insurance agency""]","3425 25th St, San Francisco, CA 94110, United States",+1 415-647-9900,https://www.davidchacon.com/?cmpid=M2LO_blm_0001,"[""team@keen.io"", ""dustin@keen.io"", ""eric@keen.io"", ""joe@keen.io"", ""alex@keen.io"", ""adam.kasprowicz@keen.io"", ""dariusz.lacheta@keen.io""]",4.8,101,"{""1"": 2, ""2"": 1, ""3"": 1, ""4"": 4, ""5"": 93}","{""Friday"": [""9 AM–6 PM""], ""Monday"": [""9 AM–6 PM""], ""Saturday"": [""10 AM–3 PM""], ""Sunday"": [""Closed""], ""Thursday"": [""9 AM–6 PM""], ""Tuesday"": [""9 AM–6 PM""], ""Wednesday"": [""9 AM–6 PM""]}",37.7504825,-122.41878639999999,ChIJsQ1HKUF-j4AR9wT4On1RBME,13908331147529028855,https://www.google.com/maps/place/David+Chacon+-+State+Farm+Insurance+Agent/data=!4m7!3m6!1s0x808f7e4129470db1:0xc104517d3af804f7!8m2!3d37.7504825!4d-122.4187864!16s%2Fg%2F1x6q1_8p!19sChIJsQ1HKUF-j4AR9wT4On1RBME?authuser=0&hl=en&rclk=1,
Hogan Insurance,Auto insurance agency,"[""Auto insurance agency"", ""Attorney""]","1255 Taylor St, San Francisco, CA 94108, United States",+1 818-600-0363,,,5,4,"{""1"": 0, ""2"": 0, ""3"": 0, ""4"": 0, ""5"": 4}","{""Friday"": [""7 AM–8 PM""], ""Monday"": [""7 AM–8 PM""], ""Saturday"": [""7 AM–8 PM""], ""Sunday"": [""Closed""], ""Thursday"": [""7 AM–8 PM""], ""Tuesday"": [""7 AM–8 PM""], ""Wednesday"": [""7 AM–8 PM""]}",37.794074099999996,-122.41318609999999,ChIJg39fXu2AhYAROovaTUhdkAY,472980525999098682,https://www.google.com/maps/place/Hogan+Insurance/data=!4m7!3m6!1s0x808580ed5e5f7f83:0x6905d484dda8b3a!8m2!3d37.7940741!4d-122.4131861!16s%2Fg%2F1tngqj1k!19sChIJg39fXu2AhYAROovaTUhdkAY?authuser=0&hl=en&rclk=1,
Lynn Petrie Lange - State Farm Insurance Agent,Insurance agency,"[""Insurance agency"", ""Auto insurance agency"", ""Life insurance agency""]","3717 Buchanan St #100, San Francisco, CA 94123, United States",+1 415-923-0192,http://www.lynnpetrielange.com/?cmpid=c5rn_blm_0001,"[""team@keen.io"", ""dustin@keen.io"", ""eric@keen.io"", ""joe@keen.io"", ""alex@keen.io"", ""adam.kasprowicz@keen.io"", ""dariusz.lacheta@keen.io""]",4.9,37,"{""1"": 1, ""2"": 0, ""3"": 0, ""4"": 0, ""5"": 36}","{""Friday"": [""9 AM–5 PM""], ""Monday"": [""9 AM–5 PM""], ""Saturday"": [""Closed""], ""Sunday"": [""Closed""], ""Thursday"": [""9 AM–5 PM""], ""Tuesday"": [""9 AM–5 PM""], ""Wednesday"": [""9 AM–5 PM""]}",37.804266,-122.433869,ChIJKxvKRtiAhYAR0y8Kmr0g2dU,15409383598730129363,https://www.google.com/maps/place/Lynn+Petrie+Lange+-+State+Farm+Insurance+Agent/data=!4m7!3m6!1s0x808580d846ca1b2b:0xd5d920bd9a0a2fd3!8m2!3d37.804266!4d-122.433869!16s%2Fg%2F1tc_8x7h!19sChIJKxvKRtiAhYAR0y8Kmr0g2dU?authuser=0&hl=en&rclk=1,
MOC Insurance Services,Insurance agency,"[""Insurance agency"", ""Cars""]","101 Montgomery St, San Francisco, CA 94104, United States",+1 415-957-0600,,,4.3,12,"{""1"": 2, ""2"": 0, ""3"": 0, ""4"": 0, ""5"": 10}",{},37.7904341,-122.40252559999999,ChIJARyK0YmAhYARvZ8oTgp5_Ak,719583125640355773,https://www.google.com/maps/place/MOC+Insurance+Services/data=!4m7!3m6!1s0x80858089d18a1c01:0x9fc790a4e289fbd!8m2!3d37.7904341!4d-122.4025256!16s%2Fg%2F1tdzrc9g!19sChIJARyK0YmAhYARvZ8oTgp5_Ak?authuser=0&hl=en&rclk=1,
Janet Lin - State Farm Insurance Agent,Insurance agency,"[""Insurance agency"", ""Auto insurance agency"", ""Life insurance agency""]","2190 3rd St, San Francisco, CA 94107, United States",+1 415-621-0140,https://www.insuredogpatch.com/?cmpid=LVHS_blm_0001,"[""team@keen.io"", ""dustin@keen.io"", ""eric@keen.io"", ""joe@keen.io"", ""alex@keen.io"", ""adam.kasprowicz@keen.io"", ""dariusz.lacheta@keen.io""]",4.9,229,"{""1"": 1, ""2"": 0, ""3"": 2, ""4"": 5, ""5"": 221}","{""Friday"": [""9 AM–5 PM""], ""Monday"": [""9 AM–5 PM""], ""Saturday"": [""Closed""], ""Sunday"": [""Closed""], ""Thursday"": [""9 AM–5 PM""], ""Tuesday"": [""9 AM–5 PM""], ""Wednesday"": [""9 AM–5 PM""]}",37.761862,-122.38895799999999,ChIJc6yuCS9-j4ARNHFj3wXewXY,8557364883784692020,https://www.google.com/maps/place/Janet+Lin+-+State+Farm+Insurance+Agent/data=!4m7!3m6!1s0x808f7e2f09aeac73:0x76c1de05df637134!8m2!3d37.761862!4d-122.388958!16s%2Fg%2F1tkbyg14!19sChIJc6yuCS9-j4ARNHFj3wXewXY?authuser=0&hl=en&rclk=1,
Statewide Professional Insurance Agency Inc.,Insurance broker,"[""Insurance broker"", ""Auto insurance agency"", ""Home insurance agency"", ""Insurance agency"", ""Life insurance agency"", ""Renter's insurance agency""]","2030 Union St Suite #202, San Francisco, CA 94123, United States",+1 415-681-0434,https://www.statewidepia.com/,,5,1,"{""1"": 0, ""2"": 0, ""3"": 0, ""4"": 0, ""5"": 1}","{""Friday"": [""9 AM–6 PM""], ""Monday"": [""9 AM–6 PM""], ""Saturday"": [""Closed""], ""Sunday"": [""Closed""], ""Thursday"": [""9 AM–6 PM""], ""Tuesday"": [""9 AM–6 PM""], ""Wednesday"": [""9 AM–6 PM""]}",37.797678,-122.432701,ChIJA9Sm39qAhYARDE2CHwoAWXw,8960192977108618508,https://www.google.com/maps/place/Statewide+Professional+Insurance+Agency+Inc./data=!4m7!3m6!1s0x808580dadfa6d403:0x7c59000a1f824d0c!8m2!3d37.797678!4d-122.432701!16s%2Fg%2F11bzyq4q8r!19sChIJA9Sm39qAhYARDE2CHwoAWXw?authuser=0&hl=en&rclk=1,
Victor Bull - State Farm Insurance Agent,Insurance agency,"[""Insurance agency"", ""Auto insurance agency"", ""Life insurance agency""]","3288 Steiner St Ste 200A, San Francisco, CA 94123, United States",+1 415-580-7380,https://www.victorbullsf.com/?cmpid=F9AA_blm_0001,"[""team@keen.io"", ""dustin@keen.io"", ""eric@keen.io"", ""joe@keen.io"", ""alex@keen.io"", ""adam.kasprowicz@keen.io"", ""dariusz.lacheta@keen.io""]",5,113,"{""1"": 1, ""2"": 0, ""3"": 0, ""4"": 0, ""5"": 112}","{""Friday"": [""9 AM–5 PM""], ""Monday"": [""9 AM–5 PM""], ""Saturday"": [""Closed""], ""Sunday"": [""Closed""], ""Thursday"": [""9 AM–5 PM""], ""Tuesday"": [""9 AM–5 PM""], ""Wednesday"": [""9 AM–5 PM""]}",37.799337,-122.43739799999999,ChIJsc-Iz9CAhYARALw1xSv_GNs,15787649057204583424,https://www.google.com/maps/place/Victor+Bull+-+State+Farm+Insurance+Agent/data=!4m7!3m6!1s0x808580d0cf88cfb1:0xdb18ff2bc535bc00!8m2!3d37.799337!4d-122.437398!16s%2Fg%2F11clwpv5z3!19sChIJsc-Iz9CAhYARALw1xSv_GNs?authuser=0&hl=en&rclk=1,
Carrie Insurance,Insurance agency,"[""Insurance agency""]","2126 Sutter St, San Francisco, CA 94115, United States",+1 415-567-7660,http://www.carrieins.com/,,5,1,"{""1"": 0, ""2"": 0, ""3"": 0, ""4"": 0, ""5"": 1}","{""Friday"": [""8:30 AM–5 PM""], ""Monday"": [""8:30 AM–5 PM""], ""Saturday"": [""Closed""], ""Sunday"": [""Closed""], ""Thursday"": [""8:30 AM–5 PM""], ""Tuesday"": [""8:30 AM–5 PM""], ""Wednesday"": [""8:30 AM–5 PM""]}",37.7860327,-122.4355217,ChIJFVuR_reAhYARzC4wx-iswus,16988330860169146060,https://www.google.com/maps/place/Carrie+Insurance/data=!4m7!3m6!1s0x808580b7fe915b15:0xebc2ace8c7302ecc!8m2!3d37.7860327!4d-122.4355217!16s%2Fg%2F1tcyxnd8!19sChIJFVuR_reAhYARzC4wx-iswus?authuser=0&hl=en&rclk=1,
Sam & Associates Insurance Agency: Allstate Insurance,Insurance agency,"[""Insurance agency"", ""Auto insurance agency"", ""Home insurance agency"", ""Insurance company"", ""Life insurance agency"", ""Motorcycle insurance agency"", ""Renter's insurance agency""]","2225 Taraval St, San Francisco, CA 94116, United States",+1 415-665-0181,https://agents.allstate.com/sam--associates-insurance-agency-san-francisco-ca3.html?utm_source=GMB&utm_medium=Website,,4.8,317,"{""1"": 4, ""2"": 1, ""3"": 5, ""4"": 34, ""5"": 273}","{""Friday"": [""8:30 AM–5 PM""], ""Monday"": [""8:30 AM–5 PM""], ""Saturday"": [""10 AM–2 PM""], ""Sunday"": [""Closed""], ""Thursday"": [""8:30 AM–5 PM""], ""Tuesday"": [""8:30 AM–5 PM""], ""Wednesday"": [""8:30 AM–5 PM""]}",37.742214,-122.490152,ChIJHQnv7oJ9j4ARJdb3dUKke9c,15527184745643890213,https://www.google.com/maps/place/Sam+%26+Associates+Insurance+Agency:+Allstate+Insurance/data=!4m7!3m6!1s0x808f7d82eeef091d:0xd77ba44275f7d625!8m2!3d37.742214!4d-122.490152!16s%2Fg%2F1hc250bp2!19sChIJHQnv7oJ9j4ARJdb3dUKke9c?authuser=0&hl=en&rclk=1,
Lilly Wong - State Farm Insurance Agent,Insurance agency,"[""Insurance agency"", ""Auto insurance agency"", ""Life insurance agency""]","2184 Sutter St, San Francisco, CA 94115, United States",+1 415-621-7412,https://www.lillywong.com/?cmpid=CZ0F_blm_0001,,5,4,"{""1"": 0, ""2"": 0, ""3"": 0, ""4"": 0, ""5"": 4}","{""Friday"": [""9 AM–5 PM""], ""Monday"": [""9 AM–5 PM""], ""Saturday"": [""Closed""], ""Sunday"": [""Closed""], ""Thursday"": [""9 AM–5 PM""], ""Tuesday"": [""9 AM–5 PM""], ""Wednesday"": [""9 AM–5 PM""]}",37.785936,-122.43632199999999,ChIJi_E3Rx5-j4ARS4En-OWw3Pk,18004459912077738315,https://www.google.com/maps/place/Lilly+Wong+-+State+Farm+Insurance+Agent/data=!4m7!3m6!1s0x808f7e1e4737f18b:0xf9dcb0e5f827814b!8m2!3d37.785936!4d-122.436322!16s%2Fg%2F1tt0rc14!19sChIJi_E3Rx5-j4ARS4En-OWw3Pk?authuser=0&hl=en&rclk=1,
Kajal Pashmi - State Farm Insurance Agent,Insurance agency,"[""Insurance agency"", ""Auto insurance agency"", ""Life insurance agency""]","3138 Geary Blvd, San Francisco, CA 94118, United States",+1 415-742-4459,https://www.kajalpinsurance.com/?cmpid=F284_blm_0001,"[""team@keen.io"", ""dustin@keen.io"", ""eric@keen.io"", ""joe@keen.io"", ""alex@keen.io"", ""adam.kasprowicz@keen.io"", ""dariusz.lacheta@keen.io""]",4.9,48,"{""1"": 1, ""2"": 0, ""3"": 0, ""4"": 1, ""5"": 46}","{""Friday"": [""Open 24 hours""], ""Monday"": [""Open 24 hours""], ""Saturday"": [""Open 24 hours""], ""Sunday"": [""Open 24 hours""], ""Thursday"": [""Open 24 hours""], ""Tuesday"": [""Open 24 hours""], ""Wednesday"": [""Open 24 hours""]}",37.782098,-122.452888,ChIJFTigazaHhYARR-E2xu3o0Gk,7624850277068628295,https://www.google.com/maps/place/Kajal+Pashmi+-+State+Farm+Insurance+Agent/data=!4m7!3m6!1s0x808587366ba03815:0x69d0e8edc636e147!8m2!3d37.782098!4d-122.452888!16s%2Fg%2F11bxjrffy7!19sChIJFTigazaHhYARR-E2xu3o0Gk?authuser=0&hl=en&rclk=1,
Farmers Insurance - Andy Yee,Insurance agent,"[""Insurance agent"", ""Auto insurance agency"", ""Home insurance agency"", ""Life insurance agency"", ""Renter's insurance agency""]","1425 Noriega St, San Francisco, CA 94122, United States",+1 415-661-0146,https://agents.farmers.com/ca/san-francisco/andy-yee?SourceID=AMPALFGMAG&utm_source=GMB&utm_medium=Local&y_source=1_MTU0Njc2Ny03MTUtbG9jYXRpb24ud2Vic2l0ZQ%3D%3D,,5,3,"{""1"": 0, ""2"": 0, ""3"": 0, ""4"": 0, ""5"": 3}","{""Friday"": [""9 AM–6 PM""], ""Monday"": [""9 AM–6 PM""], ""Saturday"": [""Closed""], ""Sunday"": [""Closed""], ""Thursday"": [""9 AM–6 PM""], ""Tuesday"": [""9 AM–6 PM""], ""Wednesday"": [""9 AM–6 PM""]}",37.7539051,-122.479084,ChIJBfEEn2KHhYARFgYlqpWUQs4,14862605090801649174,https://www.google.com/maps/place/Farmers+Insurance+-+Andy+Yee/data=!4m7!3m6!1s0x808587629f04f105:0xce429495aa250616!8m2!3d37.7539051!4d-122.479084!16s%2Fg%2F1tgk0w50!19sChIJBfEEn2KHhYARFgYlqpWUQs4?authuser=0&hl=en&rclk=1,
Fillia Fransisca - State Farm Insurance Agent,Insurance agency,"[""Insurance agency"", ""Auto insurance agency"", ""Life insurance agency""]","2315 Noriega St, San Francisco, CA 94122, United States",+1 415-661-3726,https://www.fillia.net/?cmpid=MDNM_blm_0001,"[""team@keen.io"", ""dustin@keen.io"", ""eric@keen.io"", ""joe@keen.io"", ""alex@keen.io"", ""adam.kasprowicz@keen.io"", ""dariusz.lacheta@keen.io""]",4.9,142,"{""1"": 2, ""2"": 0, ""3"": 0, ""4"": 2, ""5"": 138}","{""Friday"": [""9 AM–5 PM""], ""Monday"": [""9 AM–5 PM""], ""Saturday"": [""Closed""], ""Sunday"": [""Closed""], ""Thursday"": [""9 AM–5 PM""], ""Tuesday"": [""9 AM–5 PM""], ""Wednesday"": [""9 AM–5 PM""]}",37.753446,-122.48876299999999,ChIJrw2k-36HhYAR0Esb9YqNJ2w,7793353308145142736,https://www.google.com/maps/place/Fillia+Fransisca+-+State+Farm+Insurance+Agent/data=!4m7!3m6!1s0x8085877efba40daf:0x6c278d8af51b4bd0!8m2!3d37.753446!4d-122.488763!16s%2Fg%2F1th28mqt!19sChIJrw2k-36HhYAR0Esb9YqNJ2w?authuser=0&hl=en&rclk=1,
Christie Kennett - State Farm Insurance Agent,Insurance agency,"[""Insurance agency"", ""Auto insurance agency"", ""Life insurance agency""]","1215 9th Ave ste b, San Francisco, CA 94122, United States",+1 415-661-3651,https://www.christiekennett.com/?cmpid=MDHR_blm_0001,"[""team@keen.io"", ""dustin@keen.io"", ""eric@keen.io"", ""joe@keen.io"", ""alex@keen.io"", ""adam.kasprowicz@keen.io"", ""dariusz.lacheta@keen.io""]",5,251,"{""1"": 0, ""2"": 0, ""3"": 1, ""4"": 0, ""5"": 250}","{""Friday"": [""8:30 AM–6 PM""], ""Monday"": [""8:30 AM–6 PM""], ""Saturday"": [""10 AM–2 PM""], ""Sunday"": [""Closed""], ""Thursday"": [""8:30 AM–6 PM""], ""Tuesday"": [""8:30 AM–6 PM""], ""Wednesday"": [""8:30 AM–6 PM""]}",37.765521,-122.46668899999999,ChIJN3BW5Y2HhYAREyZgtm7M_V4,6844851784551245331,https://www.google.com/maps/place/Christie+Kennett+-+State+Farm+Insurance+Agent/data=!4m7!3m6!1s0x8085878de5567037:0x5efdcc6eb6602613!8m2!3d37.765521!4d-122.466689!16s%2Fg%2F11fjwzv87w!19sChIJN3BW5Y2HhYAREyZgtm7M_V4?authuser=0&hl=en&rclk=1,
Farmers Insurance - Justin Choy,Insurance agent,"[""Insurance agent"", ""Auto insurance agency"", ""Home insurance agency"", ""Life insurance agency"", ""Renter's insurance agency""]","1200 Vicente St, San Francisco, CA 94116, United States",+1 415-795-8288,https://agents.farmers.com/ca/san-francisco/justin-choy?SourceID=AMPALFGMAG&utm_source=GMB&utm_medium=Local&y_source=1_MTU1Mjc0OC03MTUtbG9jYXRpb24ud2Vic2l0ZQ==,,4.9,44,"{""1"": 1, ""2"": 0, ""3"": 0, ""4"": 0, ""5"": 43}","{""Friday"": [""9 AM–5 PM""], ""Monday"": [""9 AM–5 PM""], ""Saturday"": [""Closed""], ""Sunday"": [""Closed""], ""Thursday"": [""9 AM–5 PM""], ""Tuesday"": [""9 AM–5 PM""], ""Wednesday"": [""9 AM–5 PM""]}",37.7393053,-122.48004789999999,ChIJq7aRpAWHhYARuBnx8QRYK5A,10388493743722404280,https://www.google.com/maps/place/Farmers+Insurance+-+Justin+Choy/data=!4m7!3m6!1s0x80858705a491b6ab:0x902b5804f1f119b8!8m2!3d37.7393053!4d-122.4800479!16s%2Fg%2F1wbf_mz9!19sChIJq7aRpAWHhYARuBnx8QRYK5A?authuser=0&hl=en&rclk=1,
Jake Ng - State Farm Insurance Agent,Insurance agency,"[""Insurance agency"", ""Auto insurance agency"", ""Life insurance agency""]","1643 Noriega St, San Francisco, CA 94122, United States",+1 415-564-0333,https://www.jakeng.com/?cmpid=B9D0_blm_0001,"[""team@keen.io"", ""dustin@keen.io"", ""eric@keen.io"", ""joe@keen.io"", ""alex@keen.io"", ""adam.kasprowicz@keen.io"", ""dariusz.lacheta@keen.io""]",4.7,14,"{""1"": 1, ""2"": 0, ""3"": 0, ""4"": 0, ""5"": 13}","{""Friday"": [""9 AM–5 PM""], ""Monday"": [""9 AM–5 PM""], ""Saturday"": [""Closed""], ""Sunday"": [""Closed""], ""Thursday"": [""9 AM–5 PM""], ""Tuesday"": [""9 AM–5 PM""], ""Wednesday"": [""9 AM–5 PM""]}",37.753755,-122.481442,ChIJz56RsX2HhYARz5SoboO94WA,6981069269595886799,https://www.google.com/maps/place/Jake+Ng+-+State+Farm+Insurance+Agent/data=!4m7!3m6!1s0x8085877db1919ecf:0x60e1bd836ea894cf!8m2!3d37.753755!4d-122.481442!16s%2Fg%2F1tf_hn0z!19sChIJz56RsX2HhYARz5SoboO94WA?authuser=0&hl=en&rclk=1,
Basic West Insurance,Insurance agency,"[""Insurance agency""]","1641 Taraval St, San Francisco, CA 94116, United States",+1 415-665-7400,https://basicwest.com/,"[""info@basicwest.com""]",5,3,"{""1"": 0, ""2"": 0, ""3"": 0, ""4"": 0, ""5"": 3}","{""Friday"": [""9:30 AM–5 PM""], ""Monday"": [""9:30 AM–5 PM""], ""Saturday"": [""Closed""], ""Sunday"": [""Closed""], ""Thursday"": [""9:30 AM–5 PM""], ""Tuesday"": [""9:30 AM–5 PM""], ""Wednesday"": [""9:30 AM–5 PM""]}",37.742468099999996,-122.48390119999999,ChIJPxmELJt9j4ARrqcnonk4wyY,2793138288962545582,https://www.google.com/maps/place/Basic+West+Insurance/data=!4m7!3m6!1s0x808f7d9b2c84193f:0x26c33879a227a7ae!8m2!3d37.7424681!4d-122.4839012!16s%2Fg%2F1tdv_3cm!19sChIJPxmELJt9j4ARrqcnonk4wyY?authuser=0&hl=en&rclk=1,
Farmers Insurance - Anita Yee,Insurance agency,"[""Insurance agency"", ""Auto insurance agency"", ""Home insurance agency"", ""Life insurance agency"", ""Motorcycle insurance agency"", ""Renter's insurance agency""]","2323 Noriega St Ste 206, San Francisco, CA 94122, United States",+1 415-731-7888,https://agents.farmers.com/ca/san-francisco/anita-yee?SourceID=AMPALFGMAG&utm_source=GMB&utm_medium=Local&y_source=1_MTU0NjgxOS03MTUtbG9jYXRpb24uZ29vZ2xlX3dlYnNpdGVfb3ZlcnJpZGU%3D,,5,3,"{""1"": 0, ""2"": 0, ""3"": 0, ""4"": 0, ""5"": 3}","{""Friday"": [""9 AM–6 PM""], ""Monday"": [""9 AM–6 PM""], ""Saturday"": [""Closed""], ""Sunday"": [""Closed""], ""Thursday"": [""9 AM–6 PM""], ""Tuesday"": [""9 AM–6 PM""], ""Wednesday"": [""9 AM–6 PM""]}",37.753454,-122.48853009999999,ChIJa70x-n6HhYARtgNQuARdZvs,18115268825997902774,https://www.google.com/maps/place/Farmers+Insurance+-+Anita+Yee/data=!4m7!3m6!1s0x8085877efa31bd6b:0xfb665d04b85003b6!8m2!3d37.753454!4d-122.4885301!16s%2Fg%2F1td1q2zc!19sChIJa70x-n6HhYARtgNQuARdZvs?authuser=0&hl=en&rclk=1,
Farmers Insurance - Carol Yee,Insurance agency,"[""Insurance agency"", ""Auto insurance agency"", ""Home insurance agency"", ""Life insurance agency"", ""Motorcycle insurance agency"", ""Renter's insurance agency""]","1629 Irving St, San Francisco, CA 94122, United States",+1 415-661-1331,https://agents.farmers.com/ca/san-francisco/carol-yee?SourceID=AMPALFGMAG&utm_source=GMB&utm_medium=Local&y_source=1_MTU0Nzc5OC03MTUtbG9jYXRpb24uZ29vZ2xlX3dlYnNpdGVfb3ZlcnJpZGU%3D,,5,1,"{""1"": 0, ""2"": 0, ""3"": 0, ""4"": 0, ""5"": 1}","{""Friday"": [""9 AM–6 PM""], ""Monday"": [""9 AM–6 PM""], ""Saturday"": [""Closed""], ""Sunday"": [""Closed""], ""Thursday"": [""9 AM–6 PM""], ""Tuesday"": [""9 AM–6 PM""], ""Wednesday"": [""9 AM–6 PM""]}",37.7634061,-122.4755378,ChIJ-WQ15GWHhYARuoUdi87bpEg,5234550347055072698,https://www.google.com/maps/place/Farmers+Insurance+-+Carol+Yee/data=!4m7!3m6!1s0x80858765e43564f9:0x48a4dbce8b1d85ba!8m2!3d37.7634061!4d-122.4755378!16s%2Fg%2F11bbrlnz16!19sChIJ-WQ15GWHhYARuoUdi87bpEg?authuser=0&hl=en&rclk=1,
"Simon Chew, CIC / eHealth-Plans Inc. / Amazing Wealth",Insurance agency,"[""Insurance agency"", ""Financial planner""]","1550 Noriega St Suite 100, San Francisco, CA 94122, United States",+1 415-661-3885,https://simon888.com/,"[""info@health-plans.com""]",4.6,21,"{""1"": 2, ""2"": 0, ""3"": 0, ""4"": 0, ""5"": 19}","{""Friday"": [""10 AM–4 PM""], ""Monday"": [""10 AM–4 PM""], ""Saturday"": [""Closed""], ""Sunday"": [""Closed""], ""Thursday"": [""10 AM–4 PM""], ""Tuesday"": [""10 AM–4 PM""], ""Wednesday"": [""10 AM–4 PM""]}",37.7542513,-122.4804283,ChIJnUT1s2KHhYAR7jThNaN0VPs,18110228245896049902,"https://www.google.com/maps/place/Simon+Chew,+CIC+%2F+eHealth-Plans+Inc.+%2F+Amazing+Wealth/data=!4m7!3m6!1s0x80858762b3f5449d:0xfb5474a335e134ee!8m2!3d37.7542513!4d-122.4804283!16s%2Fg%2F1tf6s0g7!19sChIJnUT1s2KHhYAR7jThNaN0VPs?authuser=0&hl=en&rclk=1",
Curtis Lee - State Farm Insurance Agent,Insurance agency,"[""Insurance agency"", ""Auto insurance agency"", ""Life insurance agency""]","648 Stanyan St, San Francisco, CA 94117, United States",+1 415-750-8088,https://www.curtislee.net/?cmpid=JKH6_blm_0001,"[""team@keen.io"", ""dustin@keen.io"", ""eric@keen.io"", ""joe@keen.io"", ""alex@keen.io"", ""adam.kasprowicz@keen.io"", ""dariusz.lacheta@keen.io""]",4.9,95,"{""1"": 2, ""2"": 1, ""3"": 0, ""4"": 1, ""5"": 91}","{""Friday"": [""9 AM–5 PM""], ""Monday"": [""9 AM–5 PM""], ""Saturday"": [""Closed""], ""Sunday"": [""Closed""], ""Thursday"": [""9 AM–5 PM""], ""Tuesday"": [""9 AM–5 PM""], ""Wednesday"": [""9 AM–5 PM""]}",37.770264999999995,-122.453453,ChIJtbAr6lGHhYARdFz0mumTIFA,5773777353825344628,https://www.google.com/maps/place/Curtis+Lee+-+State+Farm+Insurance+Agent/data=!4m7!3m6!1s0x80858751ea2bb0b5:0x502093e99af45c74!8m2!3d37.770265!4d-122.453453!16s%2Fg%2F1vzn5sr0!19sChIJtbAr6lGHhYARdFz0mumTIFA?authuser=0&hl=en&rclk=1,
Mary Zell Spellman - State Farm Insurance Agent,Insurance agency,"[""Insurance agency"", ""Auto insurance agency"", ""Life insurance agency""]","26 W Portal Ave UNIT 1, San Francisco, CA 94127, United States",+1 415-401-7000,http://www.insurewithus.org/?cmpid=P8HF_blm_0001,"[""team@keen.io"", ""dustin@keen.io"", ""eric@keen.io"", ""joe@keen.io"", ""alex@keen.io"", ""adam.kasprowicz@keen.io"", ""dariusz.lacheta@keen.io""]",4.9,98,"{""1"": 2, ""2"": 0, ""3"": 0, ""4"": 1, ""5"": 95}","{""Friday"": [""Open 24 hours""], ""Monday"": [""Open 24 hours""], ""Saturday"": [""Open 24 hours""], ""Sunday"": [""Open 24 hours""], ""Thursday"": [""Open 24 hours""], ""Tuesday"": [""Open 24 hours""], ""Wednesday"": [""Open 24 hours""]}",37.7406541,-122.4663836,ChIJg0RzfUt-j4ARH0gb3_MqZlk,6441883543908599839,https://www.google.com/maps/place/Mary+Zell+Spellman+-+State+Farm+Insurance+Agent/data=!4m7!3m6!1s0x808f7e4b7d734483:0x59662af3df1b481f!8m2!3d37.7406541!4d-122.4663836!16s%2Fg%2F1tg86wwd!19sChIJg0RzfUt-j4ARH0gb3_MqZlk?authuser=0&hl=en&rclk=1,
Bernard Wong - State Farm Insurance Agent,Insurance agency,"[""Insurance agency"", ""Auto insurance agency"", ""Life insurance agency""]","2037 Irving St #208, San Francisco, CA 94122, United States",+1 415-592-0331,https://www.bernardwong.com/?cmpid=NDK4_blm_0001,"[""team@keen.io"", ""dustin@keen.io"", ""eric@keen.io"", ""joe@keen.io"", ""alex@keen.io"", ""adam.kasprowicz@keen.io"", ""dariusz.lacheta@keen.io""]",5,2,"{""1"": 0, ""2"": 0, ""3"": 0, ""4"": 0, ""5"": 2}","{""Friday"": [""9 AM–5 PM""], ""Monday"": [""9 AM–5 PM""], ""Saturday"": [""10 AM–2 PM""], ""Sunday"": [""Closed""], ""Thursday"": [""9 AM–5 PM""], ""Tuesday"": [""9 AM–5 PM""], ""Wednesday"": [""9 AM–5 PM""]}",37.763253999999996,-122.480001,ChIJPRkN-m-HhYARl4bMzJXIHoE,9304094425905661591,https://www.google.com/maps/place/Bernard+Wong+-+State+Farm+Insurance+Agent/data=!4m7!3m6!1s0x8085876ffa0d193d:0x811ec895cccc8697!8m2!3d37.763254!4d-122.480001!16s%2Fg%2F1tk63br1!19sChIJPRkN-m-HhYARl4bMzJXIHoE?authuser=0&hl=en&rclk=1,
Farmers Insurance - Nicole Tan,Insurance agent,"[""Insurance agent"", ""Auto insurance agency"", ""Home insurance agency"", ""Life insurance agency"", ""Renter's insurance agency""]","1530 Noriega St # 201, San Francisco, CA 94122, United States",+1 415-386-8789,https://agents.farmers.com/ca/san-francisco/nicole-tan?SourceID=AMPALFGMAG&utm_source=GMB&utm_medium=Local&y_source=1_MTU1NTMxMC03MTUtbG9jYXRpb24ud2Vic2l0ZQ==,,5,5,"{""1"": 0, ""2"": 0, ""3"": 0, ""4"": 0, ""5"": 5}","{""Friday"": [""8:45 AM–5:45 PM""], ""Monday"": [""8:45 AM–5:45 PM""], ""Saturday"": [""Closed""], ""Sunday"": [""Closed""], ""Thursday"": [""8:45 AM–5:45 PM""], ""Tuesday"": [""8:45 AM–5:45 PM""], ""Wednesday"": [""8:45 AM–5:45 PM""]}",37.7543144,-122.4802938,ChIJx_u9tmKHhYARlTZ4BONxoYE,9340872321989621397,https://www.google.com/maps/place/Farmers+Insurance+-+Nicole+Tan/data=!4m7!3m6!1s0x80858762b6bdfbc7:0x81a171e304783695!8m2!3d37.7543144!4d-122.4802938!16s%2Fg%2F11bbrhmp1j!19sChIJx_u9tmKHhYARlTZ4BONxoYE?authuser=0&hl=en&rclk=1,
DiNicola Insurance Services,Insurance broker,"[""Insurance broker"", ""Business to business service"", ""Insurance agency""]","919 Irving St Suite 103, San Francisco, CA 94122, United States",+1 415-564-4400,https://www.dinicolains.com/,"[""info@dinicolains.com""]",5,4,"{""1"": 0, ""2"": 0, ""3"": 0, ""4"": 0, ""5"": 4}","{""Friday"": [""8 AM–5 PM""], ""Monday"": [""8 AM–5 PM""], ""Saturday"": [""Closed""], ""Sunday"": [""Closed""], ""Thursday"": [""8 AM–5 PM""], ""Tuesday"": [""8 AM–5 PM""], ""Wednesday"": [""8 AM–5 PM""]}",37.763787799999996,-122.467856,ChIJrVLI5WWHhYARDddFY-AtTss,14649697079644247821,https://www.google.com/maps/place/DiNicola+Insurance+Services/data=!4m7!3m6!1s0x80858765e5c852ad:0xcb4e2de06345d70d!8m2!3d37.7637878!4d-122.467856!16s%2Fg%2F1tlw993s!19sChIJrVLI5WWHhYARDddFY-AtTss?authuser=0&hl=en&rclk=1,
Heffernan Insurance Brokers,Insurance agency,"[""Insurance agency"", ""Auto insurance agency"", ""Financial planner"", ""Health insurance agency"", ""Insurance broker"", ""Life insurance agency""]","300 California St Suite 450, San Francisco, CA 94104, United States",+1 800-829-9996,https://www.heffins.com/,,4.2,5,"{""1"": 1, ""2"": 0, ""3"": 0, ""4"": 0, ""5"": 4}","{""Friday"": [""9 AM–5 PM""], ""Monday"": [""9 AM–5 PM""], ""Saturday"": [""Closed""], ""Sunday"": [""Closed""], ""Thursday"": [""9 AM–5 PM""], ""Tuesday"": [""9 AM–5 PM""], ""Wednesday"": [""9 AM–5 PM""]}",37.7932914,-122.4003867,ChIJ7Vtg52SAhYARkmQMhxvz8mQ,7274143647712175250,https://www.google.com/maps/place/Heffernan+Insurance+Brokers/data=!4m7!3m6!1s0x80858064e7605bed:0x64f2f31b870c6492!8m2!3d37.7932914!4d-122.4003867!16s%2Fg%2F11c51s6mqd!19sChIJ7Vtg52SAhYARkmQMhxvz8mQ?authuser=0&hl=en&rclk=1,
Farmers Insurance - Gadner Navarro,Insurance agent,"[""Insurance agent"", ""Auto insurance agency"", ""Home insurance agency"", ""Life insurance agency"", ""Renter's insurance agency""]","4201 Mission St, San Francisco, CA 94112, United States",+1 415-334-4200,https://agents.farmers.com/ca/san-francisco/gadner-navarro?SourceID=AMPALFGMAG&utm_source=GMB&utm_medium=Local&y_source=1_MTU1MDIzMC03MTUtbG9jYXRpb24ud2Vic2l0ZQ==,,5,7,"{""1"": 0, ""2"": 0, ""3"": 0, ""4"": 0, ""5"": 7}","{""Friday"": [""9 AM–6 PM""], ""Monday"": [""9 AM–6 PM""], ""Saturday"": [""Closed""], ""Sunday"": [""Closed""], ""Thursday"": [""9 AM–6 PM""], ""Tuesday"": [""9 AM–6 PM""], ""Wednesday"": [""9 AM–6 PM""]}",37.729693399999995,-122.43007419999999,ChIJ_5kc9Il-j4AR-GSRDImtRtE,15079931206429664504,https://www.google.com/maps/place/Farmers+Insurance+-+Gadner+Navarro/data=!4m7!3m6!1s0x808f7e89f41c99ff:0xd146ad890c9164f8!8m2!3d37.7296934!4d-122.4300742!16s%2Fg%2F1thd20qh!19sChIJ_5kc9Il-j4AR-GSRDImtRtE?authuser=0&hl=en&rclk=1,
Deborah McArdle - State Farm Insurance Agent,Insurance agency,"[""Insurance agency"", ""Auto insurance agency"", ""Life insurance agency""]","2444 Lombard St, San Francisco, CA 94123, United States",+1 415-834-5561,https://www.deborahmcardle.com/?cmpid=W6JY_blm_0001,,4.9,36,"{""1"": 0, ""2"": 1, ""3"": 0, ""4"": 0, ""5"": 35}","{""Friday"": [""9 AM–5 PM""], ""Monday"": [""9 AM–5 PM""], ""Saturday"": [""Closed""], ""Sunday"": [""Closed""], ""Thursday"": [""9 AM–5 PM""], ""Tuesday"": [""9 AM–5 PM""], ""Wednesday"": [""9 AM–5 PM""]}",37.799412,-122.442078,ChIJc0GmkLmAhYARhR3QLHJPGp8,11464563153221721477,https://www.google.com/maps/place/Deborah+McArdle+-+State+Farm+Insurance+Agent/data=!4m7!3m6!1s0x808580b990a64173:0x9f1a4f722cd01d85!8m2!3d37.799412!4d-122.442078!16s%2Fg%2F11f404f9tn!19sChIJc0GmkLmAhYARhR3QLHJPGp8?authuser=0&hl=en&rclk=1,
Kristopher McArdle - State Farm Insurance Agent,Insurance agency,"[""Insurance agency"", ""Auto insurance agency"", ""Life insurance agency""]","2446 Lombard St, San Francisco, CA 94123, United States",+1 415-752-6119,https://www.krismcardle.com/?cmpid=F89M_blm_0001,"[""team@keen.io"", ""dustin@keen.io"", ""eric@keen.io"", ""joe@keen.io"", ""alex@keen.io"", ""adam.kasprowicz@keen.io"", ""dariusz.lacheta@keen.io""]",5,154,"{""1"": 1, ""2"": 0, ""3"": 0, ""4"": 0, ""5"": 153}","{""Friday"": [""9 AM–5 PM""], ""Monday"": [""9 AM–5 PM""], ""Saturday"": [""Closed""], ""Sunday"": [""Closed""], ""Thursday"": [""9 AM–5 PM""], ""Tuesday"": [""9 AM–5 PM""], ""Wednesday"": [""9 AM–5 PM""]}",37.799276,-122.441859,ChIJS60LcQWHhYARXLN465hniYM,9478220797261165404,https://www.google.com/maps/place/Kristopher+McArdle+-+State+Farm+Insurance+Agent/data=!4m7!3m6!1s0x80858705710bad4b:0x83896798eb78b35c!8m2!3d37.799276!4d-122.441859!16s%2Fg%2F11clytp31n!19sChIJS60LcQWHhYARXLN465hniYM?authuser=0&hl=en&rclk=1,
King & King Insurance Solutions,Insurance agency,"[""Insurance agency""]","1956 Lombard St, San Francisco, CA 94123, United States",+1 415-890-2100,,,5,9,"{""1"": 0, ""2"": 0, ""3"": 0, ""4"": 0, ""5"": 9}",{},37.8004027,-122.43383449999999,ChIJYRUsPdqAhYARZhkXoKTmJA0,947135416389540198,https://www.google.com/maps/place/King+%26+King+Insurance+Solutions/data=!4m7!3m6!1s0x808580da3d2c1561:0xd24e6a4a0171966!8m2!3d37.8004027!4d-122.4338345!16s%2Fg%2F11b6fk3n29!19sChIJYRUsPdqAhYARZhkXoKTmJA0?authuser=0&hl=en&rclk=1,
Walter Li - State Farm Insurance Agent,Insurance agency,"[""Insurance agency"", ""Auto insurance agency"", ""Life insurance agency""]","4428 California St suite a, San Francisco, CA 94118, United States",+1 415-346-1000,http://www.waltercli.net/?cmpid=l8k6_blm_0001,"[""team@keen.io"", ""dustin@keen.io"", ""eric@keen.io"", ""joe@keen.io"", ""alex@keen.io"", ""adam.kasprowicz@keen.io"", ""dariusz.lacheta@keen.io""]",4.2,5,"{""1"": 1, ""2"": 0, ""3"": 0, ""4"": 0, ""5"": 4}","{""Friday"": [""Open 24 hours""], ""Monday"": [""Open 24 hours""], ""Saturday"": [""Open 24 hours""], ""Sunday"": [""Open 24 hours""], ""Thursday"": [""Open 24 hours""], ""Tuesday"": [""Open 24 hours""], ""Wednesday"": [""Open 24 hours""]}",37.80196,-122.425494,ChIJc2dGvt2AhYARIBphi0JfTgg,598520539897731616,https://www.google.com/maps/place/Walter+Li+-+State+Farm+Insurance+Agent/data=!4m7!3m6!1s0x808580ddbe466773:0x84e5f428b611a20!8m2!3d37.80196!4d-122.425494!16s%2Fg%2F1w346vbx!19sChIJc2dGvt2AhYARIBphi0JfTgg?authuser=0&hl=en&rclk=1,
Farmers Insurance - Clarence Castillo,Insurance agent,"[""Insurance agent"", ""Auto insurance agency"", ""Home insurance agency"", ""Life insurance agency"", ""Renter's insurance agency""]","601 4th St UNIT 116, San Francisco, CA 94107, United States",+1 415-495-8913,https://agents.farmers.com/ca/san-francisco/clarence-castillo?SourceID=AMPALFGMAG&utm_source=GMB&utm_medium=Local&y_source=1_MTU0ODI2MS03MTUtbG9jYXRpb24ud2Vic2l0ZQ==,,4.9,16,"{""1"": 0, ""2"": 0, ""3"": 0, ""4"": 1, ""5"": 15}","{""Friday"": [""9 AM–6 PM""], ""Monday"": [""9 AM–6 PM""], ""Saturday"": [""Closed""], ""Sunday"": [""Closed""], ""Thursday"": [""9 AM–6 PM""], ""Tuesday"": [""9 AM–6 PM""], ""Wednesday"": [""9 AM–6 PM""]}",37.77823,-122.395849,ChIJRyH839V_j4ARKfAFC4IH88o,14624040670114213929,https://www.google.com/maps/place/Farmers+Insurance+-+Clarence+Castillo/data=!4m7!3m6!1s0x808f7fd5dffc2147:0xcaf307820b05f029!8m2!3d37.77823!4d-122.395849!16s%2Fg%2F1tld0dky!19sChIJRyH839V_j4ARKfAFC4IH88o?authuser=0&hl=en&rclk=1,
"AutoComplete, Inc",Insurance agency,"[""Insurance agency""]","90 New Montgomery St #414, San Francisco, CA 94105, United States",+1 888-307-7942,https://www.autocomplete.io/,,4.9,734,"{""1"": 6, ""2"": 2, ""3"": 1, ""4"": 10, ""5"": 715}","{""Friday"": [""5 AM–8 PM""], ""Monday"": [""5 AM–8 PM""], ""Saturday"": [""5 AM–8 PM""], ""Sunday"": [""5 AM–8 PM""], ""Thursday"": [""5 AM–8 PM""], ""Tuesday"": [""5 AM–8 PM""], ""Wednesday"": [""5 AM–8 PM""]}",37.7874222,-122.40093189999999,ChIJHxizt3yAhYARRAfQzbdF0h8,2292971816019298116,"https://www.google.com/maps/place/AutoComplete,+Inc/data=!4m7!3m6!1s0x8085807cb7b3181f:0x1fd245b7cdd00744!8m2!3d37.7874222!4d-122.4009319!16s%2Fg%2F11kc8m1284!19sChIJHxizt3yAhYARRAfQzbdF0h8?authuser=0&hl=en&rclk=1",
Covered California Certified Agent,Insurance agency,"[""Insurance agency""]","288 7th St, San Francisco, CA 94103, United States",+1 888-440-0750,https://coveredcaliforniacertifiedagent.com/?utm_campaign=gmb,,5,106,"{""1"": 0, ""2"": 0, ""3"": 0, ""4"": 3, ""5"": 103}","{""Friday"": [""9 AM–5 PM""], ""Monday"": [""9 AM–5 PM""], ""Saturday"": [""Closed""], ""Sunday"": [""Closed""], ""Thursday"": [""9 AM–5 PM""], ""Tuesday"": [""9 AM–5 PM""], ""Wednesday"": [""9 AM–5 PM""]}",37.776881599999996,-122.4082404,ChIJwT3qAYOAhYARsAhcHx8hQks,5422933318861326512,https://www.google.com/maps/place/Covered+California+Certified+Agent/data=!4m7!3m6!1s0x8085808301ea3dc1:0x4b42211f1f5c08b0!8m2!3d37.7768816!4d-122.4082404!16s%2Fg%2F11gf9b4ny7!19sChIJwT3qAYOAhYARsAhcHx8hQks?authuser=0&hl=en&rclk=1,
Debra O'Farrell - State Farm Insurance Agent,Insurance agency,"[""Insurance agency"", ""Auto insurance agency"", ""Life insurance agency""]","870 Market St Ste 865, San Francisco, CA 94102, United States",+1 415-982-9900,https://www.sfofarrell.com/?cmpid=TB4S_blm_0001,"[""team@keen.io"", ""dustin@keen.io"", ""eric@keen.io"", ""joe@keen.io"", ""alex@keen.io"", ""adam.kasprowicz@keen.io"", ""dariusz.lacheta@keen.io""]",4.9,40,"{""1"": 1, ""2"": 0, ""3"": 0, ""4"": 0, ""5"": 39}","{""Friday"": [""9 AM–5 PM""], ""Monday"": [""9 AM–5 PM""], ""Saturday"": [""Closed""], ""Sunday"": [""Closed""], ""Thursday"": [""9 AM–5 PM""], ""Tuesday"": [""9 AM–5 PM""], ""Wednesday"": [""9 AM–5 PM""]}",37.785049699999995,-122.40713079999999,ChIJx2uZ4oWAhYARRfXPYXrDNM0,14786658406958626117,https://www.google.com/maps/place/Debra+O%27Farrell+-+State+Farm+Insurance+Agent/data=!4m7!3m6!1s0x80858085e2996bc7:0xcd34c37a61cff545!8m2!3d37.7850497!4d-122.4071308!16s%2Fg%2F119v5zqvt!19sChIJx2uZ4oWAhYARRfXPYXrDNM0?authuser=0&hl=en&rclk=1,
Ben Carr - State Farm Insurance Agent,Insurance agency,"[""Insurance agency"", ""Auto insurance agency"", ""Life insurance agency""]","3361 20th St, San Francisco, CA 94110, United States",+1 415-569-2277,https://www.myagentbencarr.com/?cmpid=YZQ6_blm_0001,"[""team@keen.io"", ""dustin@keen.io"", ""eric@keen.io"", ""joe@keen.io"", ""alex@keen.io"", ""adam.kasprowicz@keen.io"", ""dariusz.lacheta@keen.io""]",5,330,"{""1"": 0, ""2"": 0, ""3"": 0, ""4"": 5, ""5"": 325}","{""Friday"": [""9 AM–5 PM""], ""Monday"": [""9 AM–5 PM""], ""Saturday"": [""Closed""], ""Sunday"": [""Closed""], ""Thursday"": [""9 AM–5 PM""], ""Tuesday"": [""9 AM–5 PM""], ""Wednesday"": [""9 AM–5 PM""]}",37.758637,-122.41607099999999,ChIJc0ozXfyBhYARXc3CA_lUjQU,400069370392530269,https://www.google.com/maps/place/Ben+Carr+-+State+Farm+Insurance+Agent/data=!4m7!3m6!1s0x808581fc5d334a73:0x58d54f903c2cd5d!8m2!3d37.758637!4d-122.416071!16s%2Fg%2F11h0022dxx!19sChIJc0ozXfyBhYARXc3CA_lUjQU?authuser=0&hl=en&rclk=1,
AAA Insurance Agent: Francisco Verdin,Insurance agency,"[""Insurance agency"", ""Auto insurance agency"", ""Home insurance agency"", ""Life insurance agency""]","2300 16th St Ste 280, San Francisco, CA 94103, United States",+1 415-553-7218,,,5,105,"{""1"": 0, ""2"": 0, ""3"": 0, ""4"": 3, ""5"": 102}","{""Friday"": [""9 AM–6 PM""], ""Monday"": [""9 AM–6 PM""], ""Saturday"": [""9 AM–5 PM""], ""Sunday"": [""Closed""], ""Thursday"": [""9 AM–6 PM""], ""Tuesday"": [""9 AM–6 PM""], ""Wednesday"": [""9 AM–6 PM""]}",37.7659707,-122.4079063,ChIJVzSkamp_j4ARzmCzvYQqUn0,9030326952437965006,https://www.google.com/maps/place/AAA+Insurance+Agent:+Francisco+Verdin/data=!4m7!3m6!1s0x808f7f6a6aa43457:0x7d522a84bdb360ce!8m2!3d37.7659707!4d-122.4079063!16s%2Fg%2F11k0n_8130!19sChIJVzSkamp_j4ARzmCzvYQqUn0?authuser=0&hl=en&rclk=1,
Tucker Williams - State Farm Insurance Agent,Insurance agency,"[""Insurance agency"", ""Auto insurance agency"", ""Life insurance agency""]","1536 20th St, San Francisco, CA 94107, United States",+1 415-580-7987,https://www.tuckerwilliams.com/?cmpid=F29A_blm_0001,,5,101,"{""1"": 0, ""2"": 1, ""3"": 0, ""4"": 2, ""5"": 98}","{""Friday"": [""9 AM–5 PM""], ""Monday"": [""9 AM–5 PM""], ""Saturday"": [""Closed""], ""Sunday"": [""Closed""], ""Thursday"": [""9 AM–5 PM""], ""Tuesday"": [""9 AM–5 PM""], ""Wednesday"": [""9 AM–5 PM""]}",37.760171,-122.397049,ChIJc0GmkLmAhYARPrPmM1SIVmQ,7230116147019297598,https://www.google.com/maps/place/Tucker+Williams+-+State+Farm+Insurance+Agent/data=!4m7!3m6!1s0x808580b990a64173:0x6456885433e6b33e!8m2!3d37.760171!4d-122.397049!16s%2Fg%2F11bxjk52b4!19sChIJc0GmkLmAhYARPrPmM1SIVmQ?authuser=0&hl=en&rclk=1,
David Chacon - State Farm Insurance Agent,Insurance agency,"[""Insurance agency"", ""Auto insurance agency"", ""Life insurance agency""]","188 S Park St APT 4, San Francisco, CA 94107, United States",+1 650-991-2200,https://www.dcinsuranceteam.com/?cmpid=Y5PY_blm_0001,"[""team@keen.io"", ""dustin@keen.io"", ""eric@keen.io"", ""joe@keen.io"", ""alex@keen.io"", ""adam.kasprowicz@keen.io"", ""dariusz.lacheta@keen.io""]",4.8,28,"{""1"": 1, ""2"": 0, ""3"": 0, ""4"": 1, ""5"": 26}","{""Friday"": [""9 AM–5 PM""], ""Monday"": [""9 AM–5 PM""], ""Saturday"": [""Closed""], ""Sunday"": [""Closed""], ""Thursday"": [""9 AM–5 PM""], ""Tuesday"": [""9 AM–5 PM""], ""Wednesday"": [""9 AM–5 PM""]}",37.7808846,-122.3951233,ChIJiWaw4vp9j4AR_c6I9oTkipo,11135964288349949693,https://www.google.com/maps/place/David+Chacon+-+State+Farm+Insurance+Agent/data=!4m7!3m6!1s0x808f7dfae2b06689:0x9a8ae484f688cefd!8m2!3d37.7808846!4d-122.3951233!16s%2Fg%2F11h5w8qk13!19sChIJiWaw4vp9j4AR_c6I9oTkipo?authuser=0&hl=en&rclk=1,
Aventine Insurance Agency,Insurance agency,"[""Insurance agency""]","101 California St Suite 2710, San Francisco, CA 94111, United States",+1 415-938-4298,,,5,2,"{""1"": 0, ""2"": 0, ""3"": 0, ""4"": 0, ""5"": 2}","{""Friday"": [""8 AM–10 PM""], ""Monday"": [""8 AM–10 PM""], ""Saturday"": [""8 AM–10 PM""], ""Sunday"": [""Closed""], ""Thursday"": [""8 AM–10 PM""], ""Tuesday"": [""8 AM–10 PM""], ""Wednesday"": [""8 AM–10 PM""]}",37.7892727,-122.39958279999999,ChIJAQC87mKAhYAR8TRrddDnGXM,8293915071288653041,https://www.google.com/maps/place/Aventine+Insurance+Agency/data=!4m7!3m6!1s0x80858062eebc0001:0x7319e7d0756b34f1!8m2!3d37.7892727!4d-122.3995828!16s%2Fg%2F11qqtzj0nd!19sChIJAQC87mKAhYAR8TRrddDnGXM?authuser=0&hl=en&rclk=1,
Perfect California Insurance,Insurance agency,"[""Insurance agency"", ""Auto insurance agency"", ""Home insurance agency"", ""Life insurance agency"", ""Motorcycle insurance agency"", ""Renter's insurance agency""]","548 Market St #333, San Francisco, CA 94104, United States",+1 888-888-8212,http://www.perfectca.com/,,0,0,"{""1"": 0, ""2"": 0, ""3"": 0, ""4"": 0, ""5"": 0}","{""Friday"": [""9 AM–6 PM""], ""Monday"": [""9 AM–6 PM""], ""Saturday"": [""Closed""], ""Sunday"": [""Closed""], ""Thursday"": [""9 AM–6 PM""], ""Tuesday"": [""9 AM–6 PM""], ""Wednesday"": [""9 AM–6 PM""]}",37.7900352,-122.4008537,ChIJbYBie2KAhYAREdZnFNaa-i0,3313130720140449297,https://www.google.com/maps/place/Perfect+California+Insurance/data=!4m7!3m6!1s0x808580627b62806d:0x2dfa9ad61467d611!8m2!3d37.7900352!4d-122.4008537!16s%2Fg%2F11cmvj_fly!19sChIJbYBie2KAhYAREdZnFNaa-i0?authuser=0&hl=en&rclk=1,
WFG National Title Insurance Company,Title company,"[""Title company""]","235 Pine St # 1675, San Francisco, CA 94104, United States",+1 415-625-0401,http://wfgtitle.com/,,4.9,101,"{""1"": 1, ""2"": 1, ""3"": 0, ""4"": 0, ""5"": 99}","{""Friday"": [""8 AM–5 PM""], ""Monday"": [""8 AM–5 PM""], ""Saturday"": [""Closed""], ""Sunday"": [""Closed""], ""Thursday"": [""8 AM–5 PM""], ""Tuesday"": [""8 AM–5 PM""], ""Wednesday"": [""8 AM–5 PM""]}",37.7919327,-122.4003032,ChIJvx5zwR6BhYARqkRCZjduz3Q,8417067412796621994,https://www.google.com/maps/place/WFG+National+Title+Insurance+Company/data=!4m7!3m6!1s0x8085811ec1731ebf:0x74cf6e37664244aa!8m2!3d37.7919327!4d-122.4003032!16s%2Fg%2F11s8kc4kq1!19sChIJvx5zwR6BhYARqkRCZjduz3Q?authuser=0&hl=en&rclk=1,
Calender-Robinson Insurance,Insurance agency,"[""Insurance agency"", ""Insurance broker""]","233 Sansome St Suite 508, San Francisco, CA 94104, United States",+1 415-978-3800,https://calrob.com/,"[""info@calrob.com""]",4.5,8,"{""1"": 1, ""2"": 0, ""3"": 0, ""4"": 0, ""5"": 7}","{""Friday"": [""8:30 AM–4:45 PM""], ""Monday"": [""8:30 AM–4:45 PM""], ""Saturday"": [""Closed""], ""Sunday"": [""Closed""], ""Thursday"": [""8:30 AM–4:45 PM""], ""Tuesday"": [""8:30 AM–4:45 PM""], ""Wednesday"": [""8:30 AM–4:45 PM""]}",37.792620299999996,-122.4013241,ChIJAShaJ4aAhYARNnKbeKMsZ_Q,17611093948470358582,https://www.google.com/maps/place/Calender-Robinson+Insurance/data=!4m7!3m6!1s0x80858086275a2801:0xf4672ca3789b7236!8m2!3d37.7926203!4d-122.4013241!16s%2Fg%2F1whdjl3_!19sChIJAShaJ4aAhYARNnKbeKMsZ_Q?authuser=0&hl=en&rclk=1,
Mighty Oak Insurance Services,Insurance broker,"[""Insurance broker""]","100 Pine St #1250, San Francisco, CA 94111, United States",+1 415-517-0652,http://mightyoaksf.com/,"[""contact@mightyoaksf.com""]",5,4,"{""1"": 0, ""2"": 0, ""3"": 0, ""4"": 0, ""5"": 4}","{""Friday"": [""9 AM–5 PM""], ""Monday"": [""9 AM–5 PM""], ""Saturday"": [""Closed""], ""Sunday"": [""Closed""], ""Thursday"": [""9 AM–5 PM""], ""Tuesday"": [""9 AM–5 PM""], ""Wednesday"": [""9 AM–5 PM""]}",37.792555899999996,-122.39903009999999,ChIJF-mXuDSBhYARuqrDNJgm5kY,5108813262460529338,https://www.google.com/maps/place/Mighty+Oak+Insurance+Services/data=!4m7!3m6!1s0x80858134b897e917:0x46e6269834c3aaba!8m2!3d37.7925559!4d-122.3990301!16s%2Fg%2F11gmc9sg3g!19sChIJF-mXuDSBhYARuqrDNJgm5kY?authuser=0&hl=en&rclk=1,
Ferrer Insurance Services Inc,Insurance agency,"[""Insurance agency""]","5 3rd St #1025, San Francisco, CA 94103, United States",+1 415-856-0709,http://www.ferrerins.com/,,4.9,8,"{""1"": 0, ""2"": 0, ""3"": 0, ""4"": 1, ""5"": 7}","{""Friday"": [""9 AM–5 PM""], ""Monday"": [""9 AM–5 PM""], ""Saturday"": [""Closed""], ""Sunday"": [""Closed""], ""Thursday"": [""9 AM–5 PM""], ""Tuesday"": [""9 AM–5 PM""], ""Wednesday"": [""9 AM–5 PM""]}",37.7874621,-122.40314389999999,ChIJQUveboiAhYARlmvGlO_31Dk,4167228163589827478,https://www.google.com/maps/place/Ferrer+Insurance+Services+Inc/data=!4m7!3m6!1s0x808580886ede4b41:0x39d4f7ef94c66b96!8m2!3d37.7874621!4d-122.4031439!16s%2Fg%2F1tkl3k06!19sChIJQUveboiAhYARlmvGlO_31Dk?authuser=0&hl=en&rclk=1,
Republic Indemnity Co,Insurance agency,"[""Insurance agency""]","100 Pine Center, 100 Pine St #1400, San Francisco, CA 94111, United States",+1 415-981-3200,https://www.republicindemnity.com/,,5,2,"{""1"": 0, ""2"": 0, ""3"": 0, ""4"": 0, ""5"": 2}","{""Friday"": [""8 AM–4 PM""], ""Monday"": [""8 AM–4 PM""], ""Saturday"": [""Closed""], ""Sunday"": [""Closed""], ""Thursday"": [""8 AM–4 PM""], ""Tuesday"": [""8 AM–4 PM""], ""Wednesday"": [""8 AM–4 PM""]}",37.792623899999995,-122.3989915,ChIJiST-K2KAhYARUOzXohjtWzQ,3772869802919980112,https://www.google.com/maps/place/Republic+Indemnity+Co/data=!4m7!3m6!1s0x808580622bfe2489:0x345bed18a2d7ec50!8m2!3d37.7926239!4d-122.3989915!16s%2Fg%2F1ttdyp5g!19sChIJiST-K2KAhYARUOzXohjtWzQ?authuser=0&hl=en&rclk=1,
Vouch Insurance,Insurance agency,"[""Insurance agency""]","250 Montgomery St, San Francisco, CA 94104, United States",+1 415-488-6728,https://www.vouch.us/,"[""hello@vouch.us""]",3.2,11,"{""1"": 4, ""2"": 1, ""3"": 0, ""4"": 1, ""5"": 5}","{""Friday"": [""Open 24 hours""], ""Monday"": [""Open 24 hours""], ""Saturday"": [""Open 24 hours""], ""Sunday"": [""Open 24 hours""], ""Thursday"": [""Open 24 hours""], ""Tuesday"": [""Open 24 hours""], ""Wednesday"": [""Open 24 hours""]}",37.7916795,-122.4023486,ChIJhxs-S8GBhYARvs-mXJLTzJg,11010407814587142078,https://www.google.com/maps/place/Vouch+Insurance/data=!4m7!3m6!1s0x808581c14b3e1b87:0x98ccd3925ca6cfbe!8m2!3d37.7916795!4d-122.4023486!16s%2Fg%2F11hzqgvyp0!19sChIJhxs-S8GBhYARvs-mXJLTzJg?authuser=0&hl=en&rclk=1,
Sweet and Baker Insurance Brokers,Insurance agency,"[""Insurance agency"", ""Auto insurance agency"", ""Health insurance agency"", ""Home insurance agency"", ""Life insurance agency"", ""Motorcycle insurance agency"", ""Renter's insurance agency""]","44 2nd St, San Francisco, CA 94105, United States",+1 415-512-2100,http://www.sweetandbaker.com/,,5,1,"{""1"": 0, ""2"": 0, ""3"": 0, ""4"": 0, ""5"": 1}","{""Friday"": [""9 AM–5 PM""], ""Monday"": [""9 AM–5 PM""], ""Saturday"": [""Closed""], ""Sunday"": [""Closed""], ""Thursday"": [""9 AM–5 PM""], ""Tuesday"": [""9 AM–5 PM""], ""Wednesday"": [""9 AM–5 PM""]}",37.788548,-122.4008909,ChIJmWQFmGKAhYARD2zsid5GGBo,1880330766037838863,https://www.google.com/maps/place/Sweet+and+Baker+Insurance+Brokers/data=!4m7!3m6!1s0x8085806298056499:0x1a1846de89ec6c0f!8m2!3d37.788548!4d-122.4008909!16s%2Fg%2F1v8k_v8f!19sChIJmWQFmGKAhYARD2zsid5GGBo?authuser=0&hl=en&rclk=1,
Personal Lines Insurance,Insurance agency,"[""Insurance agency""]","101 California St #2760, San Francisco, CA 94111, United States",+1 415-319-8448,,,5,2,"{""1"": 0, ""2"": 0, ""3"": 0, ""4"": 0, ""5"": 2}","{""Friday"": [""8 AM–10 PM""], ""Monday"": [""8 AM–10 PM""], ""Saturday"": [""8 AM–10 PM""], ""Sunday"": [""Closed""], ""Thursday"": [""8 AM–10 PM""], ""Tuesday"": [""8 AM–10 PM""], ""Wednesday"": [""8 AM–10 PM""]}",37.7927379,-122.3981096,ChIJC0R_YmGAhYAR6Glklw-BDV8,6849272512264825320,https://www.google.com/maps/place/Personal+Lines+Insurance/data=!4m7!3m6!1s0x80858061627f440b:0x5f0d810f976469e8!8m2!3d37.7927379!4d-122.3981096!16s%2Fg%2F1tfwkl44!19sChIJC0R_YmGAhYAR6Glklw-BDV8?authuser=0&hl=en&rclk=1,
Ricardo Molina Insurance Agent,Insurance agency,"[""Insurance agency"", ""Auto insurance agency"", ""Life insurance agency"", ""Renter's insurance agency""]","2757 Mission St, San Francisco, CA 94110, United States",+1 650-667-1439,,,5,2,"{""1"": 0, ""2"": 0, ""3"": 0, ""4"": 0, ""5"": 2}","{""Friday"": [""10 AM–6:30 PM""], ""Monday"": [""2–6:30 PM""], ""Saturday"": [""10 AM–12 AM""], ""Sunday"": [""12–6:30 AM""], ""Thursday"": [""10 AM–6:30 PM""], ""Tuesday"": [""2–6:30 PM""], ""Wednesday"": [""2–6:30 PM""]}",37.7529906,-122.418318,ChIJD8nm4Fd_j4ARwBLjfz1fKTM,3686582487722693312,https://www.google.com/maps/place/Ricardo+Molina+Insurance+Agent/data=!4m7!3m6!1s0x808f7f57e0e6c90f:0x33295f3d7fe312c0!8m2!3d37.7529906!4d-122.418318!16s%2Fg%2F11j6tczwz9!19sChIJD8nm4Fd_j4ARwBLjfz1fKTM?authuser=0&hl=en&rclk=1,
Crum Insurance Agency,Insurance agency,"[""Insurance agency""]","388 Market St #1300, San Francisco, CA 94111, United States",+1 209-400-1710,http://cruminsuranceagency.com/workers-compensation/,,0,0,"{""1"": 0, ""2"": 0, ""3"": 0, ""4"": 0, ""5"": 0}","{""Friday"": [""8 AM–8 PM""], ""Monday"": [""8 AM–8 PM""], ""Saturday"": [""Closed""], ""Sunday"": [""Closed""], ""Thursday"": [""8 AM–8 PM""], ""Tuesday"": [""8 AM–8 PM""], ""Wednesday"": [""8 AM–8 PM""]}",37.7922754,-122.3981949,ChIJm0kOzmOAhYARSHTd6wAZ-8E,13977793360222319688,https://www.google.com/maps/place/Crum+Insurance+Agency/data=!4m7!3m6!1s0x80858063ce0e499b:0xc1fb1900ebdd7448!8m2!3d37.7922754!4d-122.3981949!16s%2Fg%2F11jkz2vlgy!19sChIJm0kOzmOAhYARSHTd6wAZ-8E?authuser=0&hl=en&rclk=1,
Fred Loya Insurance,Auto insurance agency,"[""Auto insurance agency"", ""Insurance company""]","2098 Mission St, San Francisco, CA 94110, United States",+1 415-864-2611,https://www.fredloya.com/,,3.5,33,"{""1"": 11, ""2"": 0, ""3"": 2, ""4"": 3, ""5"": 17}","{""Friday"": [""9 AM–6 PM""], ""Monday"": [""9 AM–6 PM""], ""Saturday"": [""10 AM–2 PM""], ""Sunday"": [""Closed""], ""Thursday"": [""9 AM–6 PM""], ""Tuesday"": [""9 AM–6 PM""], ""Wednesday"": [""9 AM–6 PM""]}",37.7635414,-122.4197997,ChIJu91oQCN-j4ARaS_14jmCcDs,4283066430761807721,https://www.google.com/maps/place/Fred+Loya+Insurance/data=!4m7!3m6!1s0x808f7e234068ddbb:0x3b708239e2f52f69!8m2!3d37.7635414!4d-122.4197997!16s%2Fg%2F119wc65gg!19sChIJu91oQCN-j4ARaS_14jmCcDs?authuser=0&hl=en&rclk=1,
LW Insurance,Insurance agency,"[""Insurance agency""]","3330 Mission St, San Francisco, CA 94110, United States",+1 415-648-1254,http://www.lwinsf.com/,"[""luis@lwinsf.com""]",4.5,2,"{""1"": 0, ""2"": 0, ""3"": 0, ""4"": 1, ""5"": 1}","{""Friday"": [""10 AM–6 PM""], ""Monday"": [""10 AM–6 PM""], ""Saturday"": [""Closed""], ""Sunday"": [""Closed""], ""Thursday"": [""10 AM–6 PM""], ""Tuesday"": [""10 AM–6 PM""], ""Wednesday"": [""10 AM–6 PM""]}",37.743440899999996,-122.4214604,ChIJs7l610J-j4ARKCVJR-gWEK4,12542550149111031080,https://www.google.com/maps/place/LW+Insurance/data=!4m7!3m6!1s0x808f7e42d77ab9b3:0xae1016e847492528!8m2!3d37.7434409!4d-122.4214604!16s%2Fg%2F1jky6y93z!19sChIJs7l610J-j4ARKCVJR-gWEK4?authuser=0&hl=en&rclk=1,
Traci Hollander - State Farm Insurance Agent,Insurance agency,"[""Insurance agency"", ""Auto insurance agency"", ""Life insurance agency""]","1501 Church St, San Francisco, CA 94131, United States",+1 415-647-3007,https://www.noevalleyinsurance.com/?cmpid=FC56_blm_0001,,4.9,41,"{""1"": 1, ""2"": 0, ""3"": 0, ""4"": 0, ""5"": 40}","{""Friday"": [""9 AM–5 PM""], ""Monday"": [""9 AM–5 PM""], ""Saturday"": [""Closed""], ""Sunday"": [""Closed""], ""Thursday"": [""9 AM–5 PM""], ""Tuesday"": [""9 AM–5 PM""], ""Wednesday"": [""9 AM–5 PM""]}",37.74679,-122.426732,ChIJdwoQM2p-j4ARlZQq9CH39Pc,17867177346888012949,https://www.google.com/maps/place/Traci+Hollander+-+State+Farm+Insurance+Agent/data=!4m7!3m6!1s0x808f7e6a33100a77:0xf7f4f721f42a9495!8m2!3d37.74679!4d-122.426732!16s%2Fg%2F11byfvyth9!19sChIJdwoQM2p-j4ARlZQq9CH39Pc?authuser=0&hl=en&rclk=1,
Truvo Insurance Agency,Insurance agency,"[""Insurance agency""]","1875 Mission St Suite 103 #488, San Francisco, CA 94103, United States",+1 628-998-1406,https://truvoinsure.com/,"[""contact@truvo.com""]",5,6,"{""1"": 0, ""2"": 0, ""3"": 0, ""4"": 0, ""5"": 6}","{""Friday"": [""8 AM–8 PM""], ""Monday"": [""8 AM–8 PM""], ""Saturday"": [""8 AM–8 PM""], ""Sunday"": [""Closed""], ""Thursday"": [""8 AM–8 PM""], ""Tuesday"": [""8 AM–8 PM""], ""Wednesday"": [""8 AM–8 PM""]}",37.7671306,-122.41946569999999,ChIJmYSbl9TB6w4R-iMDPNNInt4,16041338994822423546,https://www.google.com/maps/place/Truvo+Insurance+Agency/data=!4m7!3m6!1s0xeebc1d4979b8499:0xde9e48d33c0323fa!8m2!3d37.7671306!4d-122.4194657!16s%2Fg%2F11xmvhv3gx!19sChIJmYSbl9TB6w4R-iMDPNNInt4?authuser=0&hl=en&rclk=1,
Kiet Nguyen - State Farm Insurance Agent,Insurance agency,"[""Insurance agency"", ""Auto insurance agency"", ""Life insurance agency""]","4200 Mission St, San Francisco, CA 94112, United States",+1 415-587-1880,https://www.statefarm.com/agent/us/ca/san-francisco/kiet-nguyen-lnqyk1ys000?cmpid=JTMP_blm_0001,,4.4,25,"{""1"": 3, ""2"": 0, ""3"": 0, ""4"": 2, ""5"": 20}","{""Friday"": [""9 AM–5:30 PM""], ""Monday"": [""9 AM–5:30 PM""], ""Saturday"": [""Closed""], ""Sunday"": [""Closed""], ""Thursday"": [""9 AM–5:30 PM""], ""Tuesday"": [""9 AM–5:30 PM""], ""Wednesday"": [""9 AM–5:30 PM""]}",37.729935499999996,-122.4304715,ChIJmfBE8Il-j4ARJnr_1m2hYC0,3269790822601554470,https://www.google.com/maps/place/Kiet+Nguyen+-+State+Farm+Insurance+Agent/data=!4m7!3m6!1s0x808f7e89f044f099:0x2d60a16dd6ff7a26!8m2!3d37.7299355!4d-122.4304715!16s%2Fg%2F1v46_lbc!19sChIJmfBE8Il-j4ARJnr_1m2hYC0?authuser=0&hl=en&rclk=1,
Ed Hidalgo - State Farm Insurance Agent,Insurance agency,"[""Insurance agency"", ""Auto insurance agency"", ""Life insurance agency""]","4201 California St, San Francisco, CA 94118, United States",+1 415-689-1591,https://www.californiastreetinsurance.com/?cmpid=VABUKY_blm_0001,"[""team@keen.io"", ""dustin@keen.io"", ""eric@keen.io"", ""joe@keen.io"", ""alex@keen.io"", ""adam.kasprowicz@keen.io"", ""dariusz.lacheta@keen.io""]",5,155,"{""1"": 0, ""2"": 0, ""3"": 0, ""4"": 1, ""5"": 154}","{""Friday"": [""9 AM–5 PM""], ""Monday"": [""9 AM–5 PM""], ""Saturday"": [""Closed""], ""Sunday"": [""Closed""], ""Thursday"": [""9 AM–5 PM""], ""Tuesday"": [""9 AM–5 PM""], ""Wednesday"": [""9 AM–5 PM""]}",37.785037599999995,-122.463016,ChIJKfeLVceHhYARE8buf37yuk4,5673113305752716819,https://www.google.com/maps/place/Ed+Hidalgo+-+State+Farm+Insurance+Agent/data=!4m7!3m6!1s0x808587c7558bf729:0x4ebaf27e7feec613!8m2!3d37.7850376!4d-122.463016!16s%2Fg%2F11n8nx64yg!19sChIJKfeLVceHhYARE8buf37yuk4?authuser=0&hl=en&rclk=1,
AAA San Francisco Richmond District Branch,Insurance agency,"[""Insurance agency"", ""Auto insurance agency"", ""Home insurance agency"", ""Life insurance agency"", ""Motorcycle insurance agency"", ""Renter's insurance agency"", ""Security system supplier""]","599 Clement St, San Francisco, CA 94118, United States",+1 415-750-7800,https://mwg.aaa.com/agent-office-locations/ca/san-francisco/aaa-san-francisco-richmond-district-branch,,4.5,212,"{""1"": 16, ""2"": 4, ""3"": 4, ""4"": 22, ""5"": 166}","{""Friday"": [""9 AM–6 PM""], ""Monday"": [""9 AM–6 PM""], ""Saturday"": [""9 AM–5 PM""], ""Sunday"": [""Closed""], ""Thursday"": [""9 AM–6 PM""], ""Tuesday"": [""9 AM–6 PM""], ""Wednesday"": [""9 AM–6 PM""]}",37.782702199999996,-122.4653106,ChIJE6W0ODyHhYARUGYL1hhGQYw,10106436111280334416,https://www.google.com/maps/place/AAA+San+Francisco+Richmond+District+Branch/data=!4m7!3m6!1s0x8085873c38b4a513:0x8c414618d60b6650!8m2!3d37.7827022!4d-122.4653106!16s%2Fg%2F1tfl9wwh!19sChIJE6W0ODyHhYARUGYL1hhGQYw?authuser=0&hl=en&rclk=1,
Rich Machado - State Farm Insurance Agent,Insurance agency,"[""Insurance agency"", ""Auto insurance agency"", ""Life insurance agency""]","6908 Geary Blvd, San Francisco, CA 94121, United States",+1 415-292-3380,https://www.richmachado.net/?cmpid=B9LH_blm_0001,"[""team@keen.io"", ""dustin@keen.io"", ""eric@keen.io"", ""joe@keen.io"", ""alex@keen.io"", ""adam.kasprowicz@keen.io"", ""dariusz.lacheta@keen.io""]",5,44,"{""1"": 0, ""2"": 0, ""3"": 0, ""4"": 2, ""5"": 42}","{""Friday"": [""9 AM–5 PM""], ""Monday"": [""9 AM–5 PM""], ""Saturday"": [""Closed""], ""Sunday"": [""Closed""], ""Thursday"": [""9 AM–5 PM""], ""Tuesday"": [""9 AM–5 PM""], ""Wednesday"": [""9 AM–5 PM""]}",37.7798814,-122.4936192,ChIJMQX9zxaHhYARI1VZLT-DgGo,7674278072406332707,https://www.google.com/maps/place/Rich+Machado+-+State+Farm+Insurance+Agent/data=!4m7!3m6!1s0x80858716cffd0531:0x6a80833f2d595523!8m2!3d37.7798814!4d-122.4936192!16s%2Fg%2F11ckvcz2bm!19sChIJMQX9zxaHhYARI1VZLT-DgGo?authuser=0&hl=en&rclk=1,
Jing Lee - State Farm Insurance Agent,Insurance agency,"[""Insurance agency"", ""Auto insurance agency"", ""Life insurance agency""]","4444 Geary Blvd #300, San Francisco, CA 94118, United States",+1 415-752-8888,https://www.jingleeinsurance.com/?cmpid=pbdf_blm_0001,"[""team@keen.io"", ""dustin@keen.io"", ""eric@keen.io"", ""joe@keen.io"", ""alex@keen.io"", ""adam.kasprowicz@keen.io"", ""dariusz.lacheta@keen.io""]",4.9,32,"{""1"": 0, ""2"": 0, ""3"": 0, ""4"": 2, ""5"": 30}","{""Friday"": [""9 AM–5 PM""], ""Monday"": [""9 AM–5 PM""], ""Saturday"": [""Closed""], ""Sunday"": [""Closed""], ""Thursday"": [""9 AM–5 PM""], ""Tuesday"": [""9 AM–5 PM""], ""Wednesday"": [""9 AM–5 PM""]}",37.781196,-122.467208,ChIJI0xNeD6HhYARN1DDFezYorA,12727974005391446071,https://www.google.com/maps/place/Jing+Lee+-+State+Farm+Insurance+Agent/data=!4m7!3m6!1s0x8085873e784d4c23:0xb0a2d8ec15c35037!8m2!3d37.781196!4d-122.467208!16s%2Fg%2F1td7tdrc!19sChIJI0xNeD6HhYARN1DDFezYorA?authuser=0&hl=en&rclk=1,
Phil Bertetta - State Farm Insurance Agent,Insurance agency,"[""Insurance agency"", ""Auto insurance agency"", ""Life insurance agency""]","3524 Geary Blvd, San Francisco, CA 94118, United States",+1 415-752-3442,https://www.philbertetta.com/?cmpid=B8XX_blm_0001,"[""team@keen.io"", ""dustin@keen.io"", ""eric@keen.io"", ""joe@keen.io"", ""alex@keen.io"", ""adam.kasprowicz@keen.io"", ""dariusz.lacheta@keen.io""]",5,131,"{""1"": 1, ""2"": 0, ""3"": 0, ""4"": 2, ""5"": 128}","{""Friday"": [""9 AM–5 PM""], ""Monday"": [""9 AM–5 PM""], ""Saturday"": [""Closed""], ""Sunday"": [""Closed""], ""Thursday"": [""9 AM–5 PM""], ""Tuesday"": [""9 AM–5 PM""], ""Wednesday"": [""9 AM–5 PM""]}",37.781639,-122.457155,ChIJJ9cJmzeHhYARnDKfTPy2R3g,8667097202631324316,https://www.google.com/maps/place/Phil+Bertetta+-+State+Farm+Insurance+Agent/data=!4m7!3m6!1s0x808587379b09d727:0x7847b6fc4c9f329c!8m2!3d37.781639!4d-122.457155!16s%2Fg%2F1v2gd_29!19sChIJJ9cJmzeHhYARnDKfTPy2R3g?authuser=0&hl=en&rclk=1,
Nationwide Insurance: Anita Daisy Lo Agency,Insurance agency,"[""Insurance agency"", ""Auto insurance agency"", ""Home insurance agency"", ""Life insurance agency"", ""Renter's insurance agency""]","6037 Geary Blvd, San Francisco, CA 94121, United States",+1 415-592-8388,https://agency.nationwide.com/ca/san-francisco/94121/anita-daisy-lo-agency,,3.5,4,"{""1"": 1, ""2"": 0, ""3"": 0, ""4"": 2, ""5"": 1}","{""Friday"": [""9 AM–5 PM""], ""Monday"": [""9 AM–5 PM""], ""Saturday"": [""Closed""], ""Sunday"": [""Closed""], ""Thursday"": [""9 AM–5 PM""], ""Tuesday"": [""9 AM–5 PM""], ""Wednesday"": [""9 AM–5 PM""]}",37.7798735,-122.4843744,ChIJM5_LOWKAhYAR0369WCY8Zv8,18403463062691348179,https://www.google.com/maps/place/Nationwide+Insurance:+Anita+Daisy+Lo+Agency/data=!4m7!3m6!1s0x8085806239cb9f33:0xff663c2658bd7ed3!8m2!3d37.7798735!4d-122.4843744!16s%2Fg%2F11b6gr_np_!19sChIJM5_LOWKAhYAR0369WCY8Zv8?authuser=0&hl=en&rclk=1,
Budovsky's Insurance Services,Insurance agency,"[""Insurance agency""]","6254 Geary Blvd, San Francisco, CA 94121, United States",+1 415-668-1121,,,5,1,"{""1"": 0, ""2"": 0, ""3"": 0, ""4"": 0, ""5"": 1}","{""Friday"": [""10 AM–10 PM""], ""Monday"": [""10 AM–10 PM""], ""Saturday"": [""10 AM–10 PM""], ""Sunday"": [""Closed""], ""Thursday"": [""10 AM–10 PM""], ""Tuesday"": [""10 AM–10 PM""], ""Wednesday"": [""10 AM–10 PM""]}",37.7802161,-122.4867173,ChIJJ9bfAwaHhYARrU9plWwzFXY,8508763612442611629,https://www.google.com/maps/place/Budovsky%27s+Insurance+Services/data=!4m7!3m6!1s0x8085870603dfd627:0x7615336c95694fad!8m2!3d37.7802161!4d-122.4867173!16s%2Fg%2F12641rd0h!19sChIJJ9bfAwaHhYARrU9plWwzFXY?authuser=0&hl=en&rclk=1,
George Jee Insurance,Insurance agency,"[""Insurance agency""]","6115 Geary Blvd STE 202, San Francisco, CA 94121, United States",+1 415-668-3272,,,5,1,"{""1"": 0, ""2"": 0, ""3"": 0, ""4"": 0, ""5"": 1}",{},37.7798835,-122.4851563,ChIJ6223XQ-HhYARRGpEx8qYj8k,14523995319987104324,https://www.google.com/maps/place/George+Jee+Insurance/data=!4m7!3m6!1s0x8085870f5db76deb:0xc98f98cac7446a44!8m2!3d37.7798835!4d-122.4851563!16s%2Fg%2F1thy00j1!19sChIJ6223XQ-HhYARRGpEx8qYj8k?authuser=0&hl=en&rclk=1,
